Date,btc_close,btc_return_1w,btc_return_2w,btc_return_4w,btc_range_pct,btc_volume_change_1w,btc_vwap_distance,btc_sma_ratio_4w,btc_volatility_4w,btc_sma_ratio_8w,btc_volatility_8w,btc_sma_ratio_12w,btc_volatility_12w,btc_rsi_14w,btc_macd,btc_macd_signal,market_GLD_return_1w,market_QQQ_return_1w,market_SPY_return_1w,macro_US10Y_close,macro_US20Y_close,macro_US30Y_close,macro_VIX_close,macro_US10Y_change_1w,macro_US20Y_change_1w,macro_US30Y_change_1w,macro_VIX_change_1w,fear_greed_value,fear_greed_change_1w,target_next_week_return,target_next_week_up
2020-04-10,6865.4931640625,0.0196195396119949,0.0611603025989069,0.2339781957426372,0.1065407207267435,0.0373174107172151,-0.0313051440882012,0.0454751148380638,0.0411488156496996,-0.0739920464776563,0.1587137246888563,-0.1525532404480574,0.1363551814524465,47.79789058035484,-193.24934030889565,91.38731236432994,0.0395676959477493,0.0953809563117817,0.1209154658544713,0.7289999723434448,165.38999938964844,1.3530000448226929,41.66999816894531,0.1419999599456787,-3.1100006103515625,0.1390000581741333,-5.130001068115234,16.285714285714285,4.571428571428571,0.0336015783188827,1
2020-04-17,7096.1845703125,0.0336015783188827,0.0538803654277306,0.1447714700587581,0.0861982527197094,-0.0687139733059051,0.0284049642432571,0.0449063552196118,0.0107424745354127,0.0008308357014394,0.1600858253594105,-0.1117498470507714,0.1361832909089201,44.800920263892344,-210.2991434694859,31.05002119756677,-0.0007561605352662,0.0718410466590306,0.0303378938571914,0.6539999842643738,167.80999755859375,1.2760000228881836,38.150001525878906,-0.074999988079071,2.4199981689453125,-0.0770000219345092,-3.5199966430664062,13.857142857142858,-2.428571428571427,0.0640789855574071,1
2020-04-24,7550.90087890625,0.0640789855574071,0.0998337189280915,0.1670998819862148,0.0979688953453595,-0.023138641679357,0.0523795571188576,0.069306806776092,0.0185803780333536,0.0864450155009075,0.1590334396599501,-0.0367494796477698,0.1335368739675718,43.09970172805662,-184.98701428048207,-12.157385898042996,0.0256668466761686,-0.0067350875259447,-0.0128035627971747,0.5960000157356262,170.83999633789062,1.1770000457763672,35.93000030517578,-0.0579999685287475,3.029998779296875,-0.0989999771118164,-2.220001220703125,17.714285714285715,3.8571428571428577,0.1740011879015108,1
2020-05-01,8864.7666015625,0.1740011879015108,0.2492299930654307,0.3165389615950773,0.2164724818593094,0.248956039074367,0.0712306830050937,0.1672865471115325,0.0699581102993529,0.2814287654170879,0.1704790252112604,0.1421635329983759,0.1429141575305374,51.93842066810859,-58.237658672296675,-21.373440452893732,-0.0175848537941742,-0.0051439901962421,-0.0006360839488454,0.6420000195503235,167.9499969482422,1.277999997138977,37.18999862670898,0.0460000038146972,-2.8899993896484375,0.1009999513626098,1.259998321533196,29.857142857142858,12.142857142857142,0.1103130469210702,1
2020-05-08,9842.666015625,0.1103130469210702,0.3035088360278823,0.4336429707841738,0.1373325832507349,0.1036311929611364,0.0638194213130789,0.1803697473342613,0.0611025302517166,0.3206762774300533,0.0529591278140421,0.2745835463208257,0.1456677334283448,52.25976003176905,119.74013910744816,6.849275459174645,0.0040055037835646,0.0569709260328892,0.0341242392054013,0.6819999814033508,163.97999572753906,1.3860000371932983,27.979999542236328,0.0399999618530273,-3.970001220703125,0.1080000400543212,-9.20999908447265,45.0,15.142857142857142,-0.0522692479032909,0
2020-05-15,9328.197265625,-0.0522692479032909,0.0522778190212944,0.3145370125588782,0.1650415396698141,0.061852821914482,0.0176430886731862,0.0485087549651854,0.0955008213049226,0.1892258214040703,0.0663812829229092,0.2126500368923678,0.1453270518897633,47.8657696493455,216.7766315091567,48.834746669171054,0.021880030837174,-0.0070710501359728,-0.0210641622578415,0.6399999856948853,166.7100067138672,1.319000005722046,31.88999938964844,-0.0419999957084655,2.730010986328125,-0.0670000314712524,3.909999847412113,44.0,-1.0,-0.0156107458966503,0
2020-05-22,9182.5771484375,-0.0156107458966503,-0.0670640318527139,0.2160902779282143,0.1128332049517604,-0.2679788275983513,-0.0327735268176564,-0.0131091333091446,0.1060034688177877,0.1221499331255453,0.0708843232864805,0.1871591256414342,0.1412233436730152,44.66576496655242,278.71556485155907,94.81091030564866,-0.0043920331487968,0.0286200531525524,0.0319966595681424,0.6570000052452087,165.5500030517578,1.371000051498413,28.15999984741211,0.0170000195503234,-1.160003662109375,0.0520000457763671,-3.729999542236332,46.285714285714285,2.2857142857142847,0.0279384393784978,1
2020-05-29,9439.1240234375,0.0279384393784978,0.0118915536039607,0.0647910371124451,0.0904743937379153,-0.1592706624696279,0.0344980108461276,-0.0009543771346804,0.0699696544715052,0.1077173573398699,0.0711847859299614,0.2161784743531838,0.1408412414299686,48.78985603160625,344.5322512041357,144.75517848534608,-0.0018381412867886,0.0161107589011708,0.0300568806168137,0.6480000019073486,163.58999633789062,1.406999945640564,27.51000022888184,-0.0090000033378601,-1.9600067138671875,0.0359998941421508,-0.6499996185302699,41.57142857142857,-4.714285714285715,0.0239862490550311,1
2020-06-05,9665.533203125,0.0239862490550311,0.0525948267986704,-0.0179964261937574,0.0861655451383409,-0.0535988590430445,-0.0037686571281051,0.0278263767348225,0.0377183565395225,0.0895353025357887,0.0709769746721826,0.1928166569649732,0.0607157260874711,55.26500433455562,410.2328687921472,197.8507165467063,-0.0300780126764744,0.0271254791502337,0.0493559038255075,0.9039999842643738,156.11000061035156,1.6779999732971191,24.520000457763672,0.2559999823570251,-7.4799957275390625,0.2710000276565552,-2.9899997711181676,51.42857142857143,9.85714285714286,-0.0191080460067415,0
2020-06-12,9480.84375,-0.0191080460067415,0.004419872697817,0.0163639854548864,0.0712202978374155,-0.1913744247712457,-0.0182095072844402,0.0041118553738959,0.0251044393778611,0.0339738859098799,0.0746193491523006,0.1318217510124737,0.0598350601558447,51.95459381247999,442.2996313962358,246.7404995166122,0.0291753735245661,-0.0158955213808933,-0.0473789849574732,0.6990000009536743,162.3000030517578,1.4500000476837158,36.09000015258789,-0.2049999833106994,6.19000244140625,-0.2279999256134033,11.56999969482422,51.0,-0.4285714285714306,-0.0203384002940139,0
2020-06-19,9288.0185546875,-0.0203384002940139,-0.0390578192122338,0.0114827683498353,0.0634424747692944,-0.158494760372436,-0.012602484162649,-0.0190488056412271,0.0264306504880873,-0.0104882143619974,0.0765372927264655,0.0785631078673845,0.0620542318560257,82.10879910391269,447.0006448486274,286.79252858301527,0.0086705430109828,0.0354417518962868,0.0145623855816503,0.6970000267028809,162.38999938964844,1.4700000286102295,35.119998931884766,-0.0019999742507934,0.089996337890625,0.0199999809265136,-0.970001220703125,38.71428571428572,-12.285714285714278,-0.0134690284263443,0
2020-06-26,9162.91796875,-0.0134690284263443,-0.0335334902286518,-0.029261831288759,0.0638489802861141,-0.1117742290268215,-0.0233671552757339,-0.0251518396959931,0.0210261566839863,-0.0276765825464462,0.0496360101337164,0.0395944259096801,0.0633395011168058,78.01883763620657,435.6102166827113,316.5560662029545,0.0153020455131085,-0.0164592375616101,-0.0278318638147208,0.6359999775886536,165.25,1.371999979019165,34.72999954223633,-0.0610000491142272,2.8600006103515625,-0.0980000495910644,-0.3899993896484375,41.0,2.2857142857142776,-0.0082522028539796,0
2020-07-03,9087.3037109375,-0.0082522028539796,-0.0216100821255037,-0.0598238586569181,0.0367798307197789,-0.1349158751425296,-0.0056343281334199,-0.0180952381454856,0.0055650795814172,-0.0259408923778353,0.0256806025116504,0.0098029476110403,0.0641694795958619,75.691326674145,415.6899664516331,336.3828462526903,0.0026420226921126,0.0498293279488648,0.040593313410709,0.6690000295639038,163.58999633789062,1.4290000200271606,27.68000030517578,0.0330000519752502,-1.660003662109375,0.0570000410079956,-7.049999237060547,41.85714285714285,0.857142857142847,0.0210737873787034,1
2020-07-10,9278.8076171875,0.0210737873787034,0.0126476793563732,-0.0213099317043907,0.0510108983856126,0.0188832610199831,0.0030500584250656,0.0080990365764712,0.0182315404866075,-0.0047551711473136,0.0209427517888733,0.0106564129352952,0.0641259163391305,75.34240794977391,410.622390085955,351.23075501934323,0.0132351585244572,0.0467108079830953,0.0171667846233949,0.6330000162124634,166.3300018310547,1.3259999752044678,27.290000915527344,-0.0360000133514404,2.7400054931640625,-0.1030000448226928,-0.3899993896484375,41.42857142857143,-0.4285714285714164,-0.0137318332612569,0
2020-07-17,9151.392578125,-0.0137318332612569,0.0070525723829788,-0.0147099164109171,0.0251843288024171,-0.02399895885168,-0.0069304319762062,-0.0020406407198663,0.0166382133952637,-0.018011130678296,0.0207584546750361,-0.0174948547320213,0.0636771847932242,72.77987412080269,391.8084466253986,359.3462933405543,0.0054967354002097,-0.0172367608892214,0.0130042033138175,0.628000020980835,166.77999877929688,1.3289999961853027,25.68000030517578,-0.0049999952316284,0.4499969482421875,0.0030000209808349,-1.6100006103515625,42.71428571428572,1.2857142857142918,0.0421247363949262,1
2020-07-24,9536.892578125,0.0421247363949262,0.0278144532773196,0.0408139209202171,0.0551232067736948,-0.0051666866822071,0.0190301359577995,0.0295018656851142,0.0261444801646995,0.022014641927458,0.0238804070583841,0.0177726837035605,0.0419596476115864,73.59460091720514,403.3552607617112,368.14808682478576,0.0504349992788579,-0.0148794066353555,-0.0026109546646257,0.5889999866485596,169.74000549316406,1.2389999628067017,25.84000015258789,-0.0390000343322753,2.9600067138671875,-0.090000033378601,0.1599998474121093,47.285714285714285,4.571428571428562,0.1873329498172087,1
2020-07-31,11323.466796875,0.1873329498172087,0.2373490373412687,0.2460755309901272,0.1665260628724053,0.5878261077953275,0.0566919472815945,0.1527926220150739,0.0884727412779437,0.1871072928034327,0.070379840354022,0.1927277759487573,0.0608545385000288,79.00174463574619,550.3240099623908,404.5832714523068,0.0376608608979904,0.0400297819848847,0.0175766144509974,0.5360000133514404,171.0,1.1979999542236328,24.459999084472656,-0.0529999732971191,1.2599945068359375,-0.0410000085830688,-1.3800010681152344,66.57142857142857,19.285714285714285,0.0245513025614843,1
2020-08-07,11601.47265625,0.0245513025614843,0.2164835203093906,0.2503193443476657,0.0880689480086882,-0.0344857171865685,0.0095334196412952,0.1151717046831612,0.0879889753330143,0.1833668089859723,0.068405973969549,0.198103683683857,0.0572637632500236,75.0239534207985,681.3760727909885,459.9418317200432,0.0290136714410556,0.0213702264689203,0.0246539831600012,0.5619999766349792,169.8800048828125,1.2289999723434448,22.209999084472656,0.0259999632835388,-1.1199951171875,0.031000018119812,-2.25,76.14285714285714,9.57142857142857,0.0144290679692131,1
2020-08-14,11768.87109375,0.0144290679692131,0.0393346229440898,0.2860196951753202,0.0811705004363006,-0.0054936824733041,0.0080661532608137,0.0643168896040469,0.0809616048641115,0.1636344044159563,0.0660011259278075,0.188928532659337,0.0562266294562396,70.67776702416376,789.6409424112171,525.881653858278,-0.0433415668899705,0.0025417262986833,0.0067847953013675,0.7089999914169312,163.17999267578125,1.4420000314712524,22.049999237060547,0.1470000147819519,-6.70001220703125,0.2130000591278076,-0.1599998474121093,78.0,1.8571428571428612,-0.0149871499596226,0
2020-08-21,11592.4892578125,-0.0149871499596226,-0.0007743325958416,0.2155415574673107,0.0684992783497599,0.0097519606221305,-0.026696666200774,0.001807386352236,0.0912223028984878,0.1127806484941864,0.0661517468106546,0.1502576515302478,0.0571864229492328,76.20960130039983,851.394742894603,590.984271665543,-0.0027938781943336,0.0356775107452351,0.0078375925577116,0.6399999856948853,166.1999969482422,1.3530000448226929,22.540000915527344,-0.0690000057220459,3.0200042724609375,-0.0889999866485595,0.4900016784667969,80.28571428571429,2.285714285714292,-0.0043122108376172,0
2020-08-28,11542.5,-0.0043122108376172,-0.019234733046759,0.0193432989255064,0.0538609858945202,-0.0926869485237431,0.0019656138234664,-0.0072106355577793,0.017863731880675,0.0762752997285505,0.0658268063794332,0.1277940514812772,0.0575281127386658,77.93499638987,886.0870988564329,650.004837103721,0.0129648993362514,0.037818866309901,0.032696993126893,0.7289999723434448,161.1199951171875,1.5080000162124634,22.959999084472656,0.0889999866485595,-5.0800018310546875,0.1549999713897705,0.4199981689453125,76.0,-4.285714285714292,-0.0892949121453324,0
2020-09-04,10511.8134765625,-0.0892949121453324,-0.0932220644950524,-0.0939242122077039,0.1792855452714705,0.1691067386474214,-0.0675911729875271,-0.0741686655277369,0.0454907232550566,-0.0337174280920875,0.0787544634636878,0.0185376711832696,0.0645875045015416,60.73098571955558,820.949853380158,684.1938403590085,-0.0149140409409556,-0.0305951944907493,-0.0228477938126561,0.7210000157356262,162.74000549316406,1.4700000286102295,30.75,-0.0079999566078186,1.6200103759765625,-0.0379999876022338,7.790000915527344,72.28571428571429,-3.714285714285708,-0.010549886349036,0
2020-09-11,10400.9150390625,-0.010549886349036,-0.098902747319688,-0.1162351124241618,0.0639441936120216,0.5435496314840991,0.0134138948474844,-0.0554865891068109,0.0399134838950218,-0.0574443961992897,0.0785776229049094,-0.001183288044333,0.0642244183247329,57.53066394120523,751.7142460596551,697.6979214991378,0.0044593567568571,-0.0463007792755093,-0.0248416661811579,0.6690000295639038,164.47999572753906,1.4170000553131104,26.8700008392334,-0.0519999861717224,1.739990234375,-0.0529999732971191,-3.8799991607666016,40.142857142857146,-32.142857142857146,0.0522714488480722,1
2020-09-18,10944.5859375,0.0522714488480722,0.0411701046543895,-0.0558899219920225,0.0800207472730167,-0.1333083740651327,0.0232218718549548,0.0087219104884386,0.0582029584509312,-0.0237431042189121,0.0790906628625158,0.0362513965022484,0.0647267322329029,63.962836864739145,732.2730385350751,704.6129449063253,0.004110715333214,-0.0132372598567428,-0.0102077581483284,0.6940000057220459,163.57000732421875,1.4529999494552612,25.82999992370605,0.024999976158142,-0.9099884033203124,0.0359998941421508,-1.0400009155273473,43.57142857142857,3.4285714285714235,-0.0230131264959058,0
2020-09-25,10692.716796875,-0.0230131264959058,0.0280553928877014,-0.0736221098657137,0.0875574988889743,-0.110923163816164,0.002971984453109,0.0051900299720697,0.0580263650974567,-0.0394544440090172,0.0415366331691038,-0.0002596285462842,0.0653814256476469,63.25034917313995,688.60420616784,701.4111971586283,-0.0450873070110888,0.0175741092187855,-0.0058066927131331,0.6589999794960022,165.1199951171875,1.4049999713897705,26.3799991607666,-0.0350000262260437,1.54998779296875,-0.0479999780654907,0.5499992370605504,45.0,1.4285714285714306,-0.0109179163460233,0
2020-10-02,10575.974609375,-0.0109179163460233,-0.0336797874519864,0.0061037168282671,0.0499867125868829,0.5590753939566269,-0.0132774352629467,-0.007281469575325,0.0340452459039322,-0.0388739581602626,0.0396138958950687,-0.0210685775117647,0.0657840992555697,63.35024460886201,637.2306250406018,688.575082735023,0.0205784314306975,0.0101266755955344,0.0155446268389989,0.6959999799728394,162.75,1.4809999465942385,27.6299991607666,0.0370000004768371,-2.3699951171875,0.075999975204468,1.25,45.0,0.0,0.0461880267757532,1
2020-10-09,11064.4580078125,0.0461880267757532,0.0347658334172045,0.0637965954204937,0.0534632597249515,0.0066740328146566,0.034240225843545,0.0226466720526334,0.0386154693149769,0.0136295993310942,0.0438661513438277,0.0092533856145557,0.065859096991413,67.3278966498358,628.6861174796268,676.5972896839438,0.0142265522596451,0.0415587984322347,0.0389707941179615,0.7749999761581421,160.08999633789062,1.5740000009536743,25.0,0.0789999961853027,-2.660003662109375,0.0930000543594358,-2.6299991607666016,44.0,-1.0,0.0232876331475582,1
2020-10-16,11322.123046875,0.0232876331475582,0.0705512697466748,0.0344953305251525,0.056661400083182,-0.4924700207983223,-0.0071559557343474,0.037411740541166,0.0316680575798537,0.0404559639853576,0.0449235147200257,0.0189295304770897,0.0654503120649162,67.70244497648056,635.3816646151336,668.3541646701818,-0.0153523235651973,0.0098002113831818,0.0012685669126812,0.7440000176429749,161.38999938964844,1.5290000438690186,27.40999984741211,-0.0309999585151672,1.3000030517578125,-0.0449999570846557,2.40999984741211,53.85714285714285,9.857142857142849,0.1421479000856833,1
2020-10-23,12931.5390625,0.1421479000856833,0.1687458213831327,0.2093782439163924,0.1468673368224611,0.1900644725571867,0.0549998091180063,0.1270765129628328,0.0656510604677468,0.1696911621628172,0.067856244206239,0.1499006362668502,0.0552118485236121,76.05818218047867,761.7731097470551,687.0379536855565,0.0019068779140285,-0.0130672053087954,-0.004347979292441,0.8410000205039978,158.00999450683594,1.6449999809265137,27.549999237060547,0.0970000028610229,-3.3800048828125,0.1159999370574951,0.1399993896484375,61.42857142857143,7.571428571428584,0.0475568604375082,1
2020-10-30,13546.5224609375,0.0475568604375082,0.1964648683690513,0.2808769840397762,0.0749500473592197,0.1796153446723707,0.0198241062027197,0.1089017945259098,0.0527563758004297,0.1846694345612967,0.0530855806977601,0.1874710751307942,0.0560618501728511,76.7924361596069,901.17507592523,729.8653781334913,-0.0136587687513597,-0.0539438992707677,-0.0556422878775455,0.8600000143051147,157.57000732421875,1.6399999856948853,38.02000045776367,0.0189999938011169,-0.4399871826171875,-0.0049999952316284,10.470001220703123,70.85714285714286,9.42857142857143,0.1490683977574676,1
2020-11-06,15565.880859375,0.1490683977574676,0.2037144831827708,0.4068362723582204,0.1709043881154834,-0.0165736854512276,0.0875516859922285,0.166725014036033,0.0644447498989874,0.2885156199191998,0.0632438916701302,0.327660488929143,0.0682222594614529,77.49262662323773,1161.2117584082716,816.1346541884474,0.0396708604666851,0.0936594402384309,0.0723341535465724,0.8199999928474426,159.41000366210938,1.5989999771118164,24.86000061035156,-0.0400000214576721,1.839996337890625,-0.0410000085830688,-13.159999847412111,74.71428571428571,3.857142857142847,0.0483061473467547,1
2020-11-13,16317.80859375,0.0483061473467547,0.2045754650910394,0.4412322252807392,0.125015230915035,-0.0617767859751837,0.0490627321831782,0.1183906117075253,0.0564651938325927,0.2796145618772725,0.0632688499440442,0.3465682926779148,0.0672369446471486,78.79512064009403,1411.693858726514,935.2464950960608,-0.0329166368193351,-0.0124910656758285,0.0226753551472658,0.8930000066757202,158.16000366210938,1.6480000019073486,23.100000381469727,0.0730000138282775,-1.25,0.0490000247955322,-1.7600002288818324,87.42857142857143,12.714285714285722,0.14116514764472,1
2020-11-20,18621.314453125,0.14116514764472,0.1962904394138271,0.4399921280155048,0.1623963340900197,0.1280753271972468,0.0780252963226437,0.1628959064222632,0.0562034633276835,0.3549472379438714,0.0617632539372733,0.4653255355358876,0.0731655861546538,83.1818871370701,1775.6082923878002,1103.3188545544087,-0.0082975908236421,-0.0018904472100326,-0.0077353238872865,0.8289999961853027,161.50999450683594,1.531999945640564,23.700000762939453,-0.0640000104904174,3.3499908447265625,-0.1160000562667846,0.6000003814697266,89.0,1.5714285714285694,-0.0812462575176107,0
2020-11-27,17108.40234375,-0.0812462575176107,0.0484497501890548,0.2629368454585647,0.1776863570554581,0.3041252993040269,-0.0601049941734365,0.0121307765795337,0.1072900219006931,0.1750473168722224,0.0782702251820049,0.2904515428429686,0.0718677661454648,73.64886732949819,1919.8034406066072,1266.6157717648484,-0.0449656158318293,0.0297196939792574,0.0234712159700392,0.8420000076293945,160.22000122070312,1.5740000009536743,20.84000015258789,0.0130000114440917,-1.2899932861328125,0.0420000553131103,-2.8600006103515625,90.85714285714286,1.8571428571428612,0.0930164751375135,1
2020-12-04,18699.765625,0.0930164751375135,0.0042129771274999,0.2013303836729245,0.1569710724984019,-0.171862904829791,-0.0029881551320268,0.0572710477844322,0.0955502750547912,0.2053346173577759,0.0784508923855863,0.340556328841564,0.0709752241612404,77.1037041452872,2137.845104061724,1440.8616382242235,0.0269981180007612,0.0217717769821472,0.0169934073407163,0.968999981880188,155.1999969482422,1.7300000190734863,20.790000915527344,0.1269999742507934,-5.0200042724609375,0.156000018119812,-0.0499992370605468,90.71428571428572,-0.1428571428571388,-0.0342710887920554,0
2020-12-11,18058.904296875,-0.0342710887920554,0.0555576104668964,0.1066991130041732,0.0992471576575743,-0.2469867346629546,-0.0311873229492576,-0.0034870348574693,0.1046180717602281,0.1040969227820343,0.0856951454239854,0.2418345733147375,0.0752487108607016,79.4494018642371,2233.18971900876,1599.3272543811308,0.0009865260081232,-0.0120122513816666,-0.0095985352222847,0.8930000066757202,158.77000427246094,1.6260000467300415,23.309999465942383,-0.0759999752044677,3.57000732421875,-0.1039999723434448,2.519998550415039,92.28571428571428,1.5714285714285552,0.2812494355764376,1
2020-12-18,23137.9609375,0.2812494355764376,0.2373396224050268,0.2425525059331685,0.2418803954135165,0.2692426277746151,0.1040674270143739,0.2018934334573352,0.1620607567666765,0.3122657185448458,0.1135748609648532,0.4851808478246187,0.098023233066457,85.81480740479529,2687.6073719201577,1816.9832778889363,0.0228998598321612,0.0271989110123209,0.0078624214545162,0.9480000138282776,156.3300018310547,1.7000000476837158,21.56999969482422,0.0550000071525573,-2.44000244140625,0.0740000009536743,-1.739999771118164,92.28571428571428,0.0,0.0659880999129203,1
2020-12-25,24664.791015625,0.0659880999129203,0.3657966513446287,0.441677049677025,0.1034160140819407,0.1902531013422974,0.0495064714468722,0.166716002107196,0.1317531951678331,0.2966555018082102,0.1129941402636525,0.4722357313831669,0.09467574174185,86.55801663400699,3134.803005112331,2080.5472233336154,-0.0005100676527167,-0.0016125911240952,-0.000487547210987,0.9279999732971193,157.2899932861328,1.6640000343322754,21.530000686645508,-0.0200000405311583,0.959991455078125,-0.0360000133514404,-0.0399990081787109,91.14285714285714,-1.1428571428571388,0.1909345724900586,1
2021-01-01,29374.15234375,0.1909345724900586,0.2695220820492838,0.5708299736377043,0.1728709458770286,0.1571803630417285,0.068222341882846,0.2337440203422696,0.1385726446749398,0.4157659382372878,0.1173803621083809,0.6069804873076554,0.0995085340082973,90.22276296114444,3825.121250966742,2429.462028860241,0.0113977569451066,0.0135030130144322,0.0132249454818766,0.9169999957084656,157.72999572753906,1.6460000276565552,22.75,-0.0109999775886536,0.44000244140625,-0.0180000066757202,1.2199993133544922,92.42857142857144,1.285714285714306,0.3888948657162048,1
2021-01-08,40797.609375,0.3888948657162048,0.6540829131353658,1.2591409038066508,0.3241362085783978,0.5619090156622999,0.167306150920677,0.3832685757356457,0.1369764072937127,0.7136191580124922,0.1562103876148411,0.967535410217638,0.1291404232750938,93.76245443660908,5233.650679687817,2990.2997590257564,-0.0281453479215204,0.0168611229348545,0.0197389664770268,1.1050000190734863,151.32000732421875,1.8630000352859497,21.559999465942383,0.1880000233650207,-6.4099884033203125,0.2170000076293945,-1.1900005340576172,93.28571428571428,0.8571428571428328,-0.0973645821005902,0
2021-01-15,36825.3671875,-0.0973645821005902,0.2536656975340912,0.591556286527247,0.295631864244395,-0.0047860288051121,0.0007625406277935,0.1187856658736643,0.2052066905088162,0.4118332255684054,0.1755039696153354,0.6203683999443064,0.1430635769464554,83.88439422009122,5960.682613960023,3584.37633001261,-0.0127494606078691,-0.0224744176258313,-0.0145832172695259,1.097000002861023,151.82000732421875,1.8530000448226929,24.34000015258789,-0.0080000162124633,0.5,-0.0099999904632568,2.780000686645508,87.14285714285714,-6.142857142857139,-0.1037221285344447,0
2021-01-22,33005.76171875,-0.1037221285344447,-0.1909878489356951,0.338173175594354,0.2699829871086665,-0.1928494841112467,-0.0467706756328367,-0.0569977070785926,0.2394938105850904,0.1758150296031566,0.1789817719208302,0.3555761278425684,0.1542770213510581,76.07781215924447,6157.668649128158,4099.03479383572,0.016186460203567,0.0434811412592273,0.0191109726976124,1.090999960899353,151.8800048828125,1.85699999332428,21.90999984741211,-0.0060000419616699,0.05999755859375,0.0039999485015871,-2.4300003051757812,73.57142857142857,-13.57142857142857,0.0397089760014675,1
2021-01-29,34316.38671875,0.0397089760014675,-0.0681318520457726,0.168251131714838,0.2634054430309863,0.0862132709428513,0.0450306335991641,-0.0529826589545526,0.2310217521625976,0.1430178475963084,0.180185931817243,0.3244106132286573,0.1534946308063493,75.90464326587379,6346.380857318258,4548.504006532228,-0.007418018006951,-0.0333723047785208,-0.033456950990466,1.093000054359436,152.0,1.8580000400543213,33.09000015258789,0.002000093460083,0.1199951171875,0.0010000467300412,11.18000030517578,71.28571428571429,-2.2857142857142776,0.1115479291678596,1
2021-02-05,38144.30859375,0.1115479291678596,0.155686359211667,-0.0650356925784944,0.165739011482197,-0.0910095387987542,0.0774948795245069,0.0722839152054013,0.1058885147909092,0.1724699829535347,0.1728813200688038,0.3755828821434077,0.153478536189848,77.64477789412835,6727.270163081805,4984.257237842144,-0.0162215575103236,0.0534078965010147,0.047666613834514,1.1699999570846558,148.02999877929688,1.9739999771118164,20.8700008392334,0.0769999027252197,-3.970001220703125,0.1159999370574951,-12.219999313354492,78.0,6.714285714285708,0.2453981554219004,1
2021-02-12,47504.8515625,0.2453981554219004,0.3843197406486855,0.2900034728947671,0.2378616427499757,0.3349521674353224,0.0743396645988452,0.2421898459052842,0.1455402031949295,0.3351877940671908,0.1681990827465595,0.5763216426290105,0.159885920616334,80.81115137470532,7695.733643303025,5526.55251893432,0.0051822913577797,0.0153610184707981,0.0127157496634455,1.2000000476837158,147.11000061035156,2.003000020980835,19.96999931335449,0.03000009059906,-0.9199981689453124,0.0290000438690185,-0.9000015258789098,89.28571428571429,11.285714285714292,0.1764721070430142,1
2021-02-19,55888.1328125,0.1764721070430142,0.4651761920166866,0.693284138955379,0.1747450718028942,-0.1448849911205881,0.1224895291793231,0.2712417030298315,0.0880600457174595,0.4155319360861997,0.1690556690638201,0.6748937531157626,0.1516428206676993,83.27386630584186,9035.55243956406,6228.352503060269,-0.0215595985818417,-0.016139167770391,-0.0066473506819665,1.3450000286102295,143.27000427246094,2.140000104904175,22.049999237060547,0.1449999809265136,-3.839996337890625,0.1370000839233398,2.0799999237060582,93.42857142857144,4.142857142857153,-0.1708479173169729,0
2021-02-26,46339.76171875,-0.1708479173169729,-0.0245257022267956,0.350368326902861,0.2994345686694716,0.6003759712255288,-0.0656146922412129,-0.0134024232852077,0.1826931029965266,0.1138623456468015,0.1936577904085574,0.2990696490860407,0.1725216038733065,70.77644282859836,9220.605341525685,6826.803070753352,-0.0311358428793274,-0.0509938219003964,-0.0247929991487815,1.4600000381469729,143.1199951171875,2.181999921798706,27.950000762939453,0.1150000095367433,-0.1500091552734375,0.0419998168945312,5.900001525878906,82.85714285714286,-10.571428571428584,0.0558385039710513,1
2021-03-05,48927.3046875,0.0558385039710513,-0.1245493054554711,0.2826895149311164,0.1899454627760093,-0.5491719310683716,0.01775854585523,-0.0148536760141033,0.1826916468127258,0.1480166739074246,0.1462235929873048,0.2793503941866084,0.1684792189420189,73.47182322772677,9466.925369441182,7354.827530490918,-0.0165008232447346,-0.0173808547719293,0.0085971701997715,1.5540000200271606,138.91000366210938,2.288000106811523,24.65999984741211,0.0939999818801877,-4.209991455078125,0.1060001850128173,-3.290000915527344,66.57142857142857,-16.285714285714292,0.1717810782738102,1
2021-03-12,57332.08984375,0.1717810782738102,0.2372115806662054,0.2068680978472428,0.1889611068735706,-0.0230980068867951,0.0656595870112408,0.0999632658960436,0.1626421721690315,0.2689052680555857,0.1431026755368409,0.3951661989322979,0.1604681070679904,75.89489326351416,10222.493148854286,7928.360654163593,0.0147669103464158,0.0219644905409148,0.0271876353336004,1.6349999904632568,136.05999755859375,2.4019999504089355,20.690000534057617,0.0809999704360961,-2.850006103515625,0.1139998435974121,-3.969999313354492,75.14285714285714,8.57142857142857,0.0176962413678802,1
2021-03-19,58346.65234375,0.0176962413678802,0.1925171990652585,0.0439900101779768,0.1393196629278551,0.1414197080846426,0.0080063258354388,0.1063818282565054,0.1422936844718423,0.2067575911853312,0.1282234797095784,0.3290749171988854,0.1617135074742842,76.86989671217565,10778.9003190628,8498.468587143434,0.0108365839400139,-0.0073542663712744,-0.0116225615404786,1.7319999933242798,134.75,2.450999975204468,20.950000762939453,0.0970000028610229,-1.30999755859375,0.0490000247955326,0.2600002288818359,73.28571428571429,-1.857142857142847,-0.0550046954680816,0
2021-03-26,55137.3125,-0.0550046954680816,-0.0382818304675712,0.1898488566826257,0.1663975704972925,0.0370694646429199,0.001330813659621,0.0036674174240902,0.0947114380399773,0.082130542981998,0.136669690868297,0.1974104485823931,0.1627218206346141,71.88783986155661,10835.979677769605,8965.970805268667,-0.0061259493160326,0.0091332478053736,0.0166889180873217,1.659999966621399,136.66000366210938,2.367000102996826,18.86000061035156,-0.0720000267028808,1.910003662109375,-0.083999872207642,-2.090000152587894,66.14285714285714,-7.142857142857153,0.0770258797071401,1
2021-04-02,59384.3125,0.0770258797071401,0.0177843991826063,0.2137254009655587,0.1014456022160734,-0.0428039008685786,0.0251494610376945,0.0318717250634272,0.0959122762280019,0.1077601944477364,0.1356797462252902,0.2476739078721173,0.1273558236886741,72.89642896031991,11096.005047949926,9391.97765380492,-0.0016026242407638,0.0271202763424645,0.0116924446607842,1.6790000200271606,137.50999450683594,2.3399999141693115,17.329999923706055,0.0190000534057617,0.8499908447265625,-0.0270001888275146,-1.5300006866455045,72.42857142857143,6.285714285714292,-0.0191853461930707,0
2021-04-09,58245.00390625,-0.0191853461930707,0.0563627653460621,0.0159232650508294,0.0773670837245227,0.0498815614233849,0.0033267102833944,0.0080771402011323,0.0563747743943131,0.0599622992271411,0.1162187328681947,0.179502557841727,0.1216136081952371,69.980219119773,11082.393412573248,9730.060805558584,0.0079639991291995,0.0386356648623338,0.0271585963421869,1.6660000085830688,137.50999450683594,2.33899998664856,16.690000534057617,-0.0130000114440917,0.0,-0.0009999275207515,-0.6399993896484375,72.57142857142857,0.1428571428571388,0.0571342593024173,1
2021-04-16,61572.7890625,0.0571342593024173,0.036852772565145,0.0552925761660356,0.1108345216922501,0.0885321280354489,-0.0016924584363062,0.05100182626059,0.0624280936192052,0.1062175053563367,0.10174235797805,0.1895462694661946,0.112161184952615,66.19192205926927,11210.898287206071,10026.228301888084,0.0188644683680834,0.0145353879356389,0.0140222597588912,1.5729999542236328,139.25999450683594,2.260999917984009,16.25,-0.093000054359436,1.75,-0.0780000686645512,-0.4400005340576172,75.14285714285714,2.5714285714285694,-0.1701910353307701,0
2021-04-23,51093.65234375,-0.1701910353307701,-0.122780514771888,-0.0733379987689824,0.2907897759743424,0.1428984521135909,-0.0736230843559738,-0.1125559093389997,0.112202447072027,-0.0917473545311782,0.1015693978740582,-0.0388645794589733,0.1303321350139,60.09646462410037,10347.876689628303,10090.55797943613,0.0003004976924234,-0.0075728670621819,-0.0012462721542428,1.5670000314712524,140.05999755859375,2.250999927520752,17.329999923706055,-0.0059999227523803,0.8000030517578125,-0.0099999904632568,1.079999923706055,70.71428571428571,-4.428571428571431,0.130280830047458,1
2021-04-30,57750.17578125,0.130280830047458,-0.0620828346328411,-0.0275179866526197,0.1859948342960265,-0.3192669291876567,0.089351649317297,0.0102294474256832,0.1285424996031144,0.0068417477344533,0.1088003757693253,0.0539602754047419,0.1313559511575722,66.83368445087,10084.80036529099,10089.406456607105,-0.0044470568600821,-0.0042131375192577,0.0013437576707693,1.63100004196167,138.63999938964844,2.3010001182556152,18.61000061035156,0.0640000104904174,-1.4199981689453125,0.0500001907348632,1.2800006866455045,43.85714285714285,-26.85714285714286,-0.0068185669077711,0
2021-05-07,57356.40234375,-0.0068185669077711,0.1225739345832082,-0.0152562709744217,0.1046832378060453,0.1692890082464331,0.0141800956875572,0.007255424049569,0.1280908936198818,-7.64503782098025e-05,0.0916273470820074,0.0313216444272899,0.115219453818699,65.8721791853458,9732.347810009143,10017.99472728751,0.0357961640993105,-0.0112132848215878,0.0115504612154697,1.5770000219345093,139.22999572753906,2.2769999504089355,16.690000534057617,-0.0540000200271606,0.589996337890625,-0.0240001678466796,-1.9200000762939415,62.85714285714285,19.0,-0.130340587659167,0
2021-05-14,49880.53515625,-0.130340587659167,-0.1362704185491859,-0.1898931993218899,0.2513873577783543,0.204554093856669,-0.0777069189604221,-0.0766316472088814,0.1355665338267308,-0.1140621673163913,0.1027132756295034,-0.0949543385271253,0.1118202864467412,57.69812551007409,8748.93434792212,9764.182651414432,0.0064106656972562,-0.0233692318172495,-0.013124250471442,1.6349999904632568,137.0800018310547,2.3550000190734863,18.809999465942383,0.0579999685287475,-2.149993896484375,0.0780000686645507,2.1199989318847656,56.85714285714285,-6.0,-0.2521192627666556,0
2021-05-21,37304.69140625,-0.2521192627666556,-0.3495984775566209,-0.269876203891827,0.5350042371723311,0.1197908204746465,-0.1005457035177355,-0.2623588194513718,0.1641162610538227,-0.3101106986865809,0.1329669472212338,-0.3137588885280834,0.1246043857023997,43.58021184476571,6875.5495488747765,9186.456030906502,0.0193988696355669,0.0018995529561629,-0.0039367808913566,1.631999969482422,137.6699981689453,2.3329999446868896,20.149999618530277,-0.0030000209808347,0.589996337890625,-0.0220000743865966,1.3400001525878942,21.142857142857142,-35.71428571428571,-0.0430799954890057,0
2021-05-28,35697.60546875,-0.0430799954890057,-0.2843379615529824,-0.3818615270719211,0.2676576805582745,-0.2573825861389835,-0.0426617398037947,-0.2077728116736514,0.1091203021603955,-0.3015890284146756,0.1244682712445267,-0.3297286088037954,0.1230922095000006,36.107484851822576,5201.243497069881,8389.413524139178,0.0132924999200396,0.0211613794792273,0.0122909482660344,1.5809999704360962,138.44000244140625,2.263000011444092,16.760000228881836,-0.0509999990463259,0.7700042724609375,-0.0699999332427978,-3.389999389648441,18.285714285714285,-2.8571428571428577,0.0335260801259538,1
2021-06-04,36894.40625,0.0335260801259538,-0.010998218743642,-0.356751735771651,0.1614937181364722,-0.3624036866155515,0.0068703329340082,-0.076353887527931,0.1226294926017526,-0.2384078089226855,0.1279388611465899,-0.2843721230591653,0.1093603899529237,42.65699816170699,3925.66310858092,7496.6634410275265,-0.0068393384197102,0.0050010884447742,0.0060946517153495,1.559999942779541,139.89999389648438,2.239000082015991,16.420000076293945,-0.0210000276565551,1.459991455078125,-0.0239999294281005,-0.3400001525878906,20.0,1.7142857142857153,0.0119257153650493,1
2021-06-11,37334.3984375,0.0119257153650493,0.0458516179798911,-0.2515236991633995,0.193384148708369,0.0912974877271506,0.0507607734611801,0.0143073859065421,0.1305025933529913,-0.1779096295088592,0.1235706271312979,-0.2503776158820248,0.1091436368077978,40.676117398487634,2916.638954681235,6580.658543758268,-0.0080153428516157,0.0168056735050228,0.0040463592768127,1.462000012397766,142.30999755859375,2.1519999504089355,15.649999618530272,-0.0979999303817751,2.410003662109375,-0.0870001316070556,-0.7700004577636737,17.857142857142858,-2.1428571428571423,-0.0414403983591706,0
2021-06-18,35787.24609375,-0.0414403983591706,-0.030008889389567,-0.0406770638034488,0.1835033103077159,-0.0141759208769505,-0.067318341451137,-0.0176007653709533,0.0385479118270628,-0.1773175973194924,0.1142093072057708,-0.257399190592662,0.108937622652407,30.52361525951234,1969.4353542079116,5658.413905848197,-0.0615113945572471,0.004073422483346,-0.0221300091557768,1.4500000476837158,145.72999572753906,2.0269999504089355,20.700000762939453,-0.01199996471405,3.4199981689453125,-0.125,5.0500011444091815,28.714285714285715,10.857142857142858,-0.115948200820059,0
2021-06-25,31637.779296875,-0.115948200820059,-0.1525836595482174,-0.1137282492359048,0.2390868116965828,0.0664281287415984,-0.0525321312538028,-0.1066170458101665,0.0665708910865487,-0.2137070899461474,0.0939988773496274,-0.3104166370223802,0.1059960631543909,27.150450648460392,873.8689671438187,4701.504918107321,0.0100648986589879,0.0199340001603234,0.0281740372734855,1.5360000133514404,142.00999450683594,2.1689999103546143,15.619999885559082,0.0859999656677246,-3.720001220703125,0.1419999599456787,-5.080000877380371,20.0,-8.714285714285715,0.0714104348767663,1
2021-07-02,33897.046875,0.0714104348767663,-0.0528176773870318,-0.0812415669380774,0.1875563805106547,-0.1429863287135642,-0.0020158327847434,-0.0221286694199396,0.0796492801545741,-0.0913346353437644,0.1047332841974281,-0.2269871507583322,0.1111437705405845,31.52859885040283,185.78708644951257,3798.361351775759,0.0042019146625251,0.0262691679099964,0.0166663137602871,1.430999994277954,145.0399932861328,2.0450000762939453,15.06999969482422,-0.1050000190734863,3.029998779296875,-0.1239998340606689,-0.5500001907348615,24.142857142857142,4.142857142857142,-0.0029216455526407,0
2021-07-09,33798.01171875,-0.0029216455526407,0.0682801533446557,-0.0947219418754027,0.1125623259781715,-0.2800756993386831,-0.0069079600375805,0.0005325847091193,0.0780885908515263,-0.0423837136497103,0.1018544203472457,-0.1862958631134291,0.1077729580112706,26.01900571156935,-363.32587626197346,2966.0239061682128,0.0114771564635691,0.006608284130009,0.0041501147927296,1.3559999465942385,146.52999877929688,1.98199999332428,16.18000030517578,-0.0750000476837156,1.4900054931640625,-0.0630000829696653,1.1100006103515607,24.0,-0.1428571428571423,-0.070313978112849,0
2021-07-16,31421.5390625,-0.070313978112849,-0.0730301911440478,-0.12199058345572,0.1111174858408481,-0.1720551689741785,-0.0436503795913059,-0.0387613846758028,0.0817075765326194,-0.0907725946192369,0.0600719975504722,-0.212426693075828,0.1006784289719903,25.429278703287835,-978.9782854232616,2177.0234678499182,0.0011819451587185,-0.0094457316137112,-0.0095977056879702,1.2999999523162842,148.2100067138672,1.930999994277954,18.450000762939453,-0.0559999942779543,1.6800079345703125,-0.0509999990463259,2.270000457763672,21.142857142857142,-2.8571428571428577,0.0687430273371894,1
2021-07-23,33581.55078125,0.0687430273371894,-0.0064045464952576,0.0614383034325989,0.1256819773040838,-0.0086535784312106,0.0630720472075923,0.0122688576040441,0.0674738128673149,-0.0207746716333608,0.0664957783514258,-0.1135362982215035,0.0927702759372513,23.799036696194392,-1277.8619642057674,1486.0463814387813,-0.005017449295444,0.029642074727614,0.0199378823585347,1.2860000133514404,148.5,1.924999952316284,17.200000762939453,-0.0139999389648437,0.2899932861328125,-0.0060000419616701,-1.25,18.714285714285715,-2.428571428571427,0.2577009069688911,1
2021-07-30,42235.546875,0.2577009069688911,0.3441590747986613,0.2459948806381087,0.2086083442005863,0.5014426860409382,0.1020123696637782,0.1978601971307214,0.1414912725771389,0.2080539415419706,0.1149402420694378,0.1532667765654682,0.1265801527629214,41.41511519704529,-807.1202923635137,1027.4130466783222,0.007475141100349,-0.009858785340755,-0.0032504265760006,1.2389999628067017,149.52000427246094,1.8969999551773071,18.239999771118164,-0.0470000505447387,1.0200042724609375,-0.0279999971389768,1.039999008178711,37.142857142857146,18.42857142857143,0.0137550752383859,1
2021-08-06,42816.5,0.0137550752383859,0.2750006775716345,0.2668348764506418,0.1357807445727698,-0.1077529626050451,0.0626481525285664,0.141353796644801,0.1391152236160457,0.2011282016560089,0.1149182570854485,0.1882296200201634,0.1216664986775578,33.59503464805772,-382.7638011211311,745.3776771184316,-0.0305029308159238,0.0095454381842638,0.0090761450824741,1.2899999618530271,147.77999877929688,1.934000015258789,16.149999618530273,0.0509999990463254,-1.7400054931640625,0.0370000600814819,-2.09000015258789,51.42857142857143,14.285714285714285,0.1162360378008477,1
2021-08-13,47793.3203125,0.1162360378008477,0.1315899484845961,0.5210368982065199,0.1090824015189099,0.2232869935776633,0.0588283100106037,0.1486920720715181,0.1044862697953574,0.286576810295257,0.115878595366878,0.2949342552505936,0.0980218683606633,40.45577080398376,351.08252094763884,666.518645884273,0.010629251740085,0.0020921601869015,0.0077516401931321,1.2970000505447388,148.5500030517578,1.9479999542236328,15.449999809265137,0.0070000886917116,0.7700042724609375,0.0139999389648437,-0.6999998092651367,69.85714285714286,18.42857142857143,0.0323445924794996,1
2021-08-20,49339.17578125,0.0323445924794996,0.1523402375544473,0.4692345836749787,0.1083081720130959,-0.0638779483333331,0.0620890394846387,0.0832790746625111,0.1111279438847974,0.2535252556665788,0.0973161376782503,0.2968734844037306,0.095651476195057,49.387169291498395,1045.3485084408603,742.2846183955905,0.001863078067978,-0.0029553611958271,-0.005741002868414,1.2599999904632568,150.5500030517578,1.8739999532699585,18.559999465942383,-0.0370000600814819,2.0,-0.0740000009536743,3.109999656677246,72.0,2.142857142857139,-0.0056852958740871,0
2021-08-27,49058.66796875,-0.0056852958740871,0.0264754080272395,0.161549254090249,0.0833246609468462,0.0125251646215209,0.0090989892079178,0.0382365860577496,0.0536770469873165,0.1891413634040428,0.0999059881638184,0.2560337783132489,0.0962346928011945,68.43852544152008,1554.9996018222737,904.8276150809272,0.0209358461730966,0.022598094553949,0.0155404521744877,1.312000036239624,149.4600067138672,1.9179999828338623,16.389999389648438,0.0520000457763671,-1.089996337890625,0.0440000295639038,-2.1700000762939453,75.85714285714286,3.857142857142861,0.0197051218729742,1
2021-09-03,50025.375,0.0197051218729742,0.0139077965508043,0.1683667511356603,0.0883518801708133,0.0316097169058762,0.0285720342428528,0.0197993551209387,0.0528137496868505,0.1557485869933526,0.0984637426390232,0.2470186450475804,0.0961428422992115,72.93688024175121,2013.6943287385077,1126.6009578124433,0.0051119049574432,0.0147058787725675,0.0062853671788243,1.3220000267028809,148.17999267578125,1.9429999589920044,16.40999984741211,0.0099999904632568,-1.2800140380859375,0.024999976158142,0.0200004577636718,73.57142857142857,-2.285714285714292,-0.1027771374777301,0
2021-09-10,44883.91015625,-0.1027771374777301,-0.0850972516245098,-0.0608748280560257,0.2131846035793206,0.2298767516076509,-0.0679237421562131,-0.0712414920193083,0.0611945758809855,-0.0018423766967775,0.1047875906022639,0.0981032287598626,0.1016780250841491,61.355920365039466,1939.9771121060548,1289.2761886711658,-0.0226821287161743,-0.0130513690561027,-0.0168623297370932,1.340999960899353,148.39999389648438,1.934000015258789,20.950000762939453,0.0189999341964721,0.220001220703125,-0.0089999437332153,4.540000915527344,63.0,-10.57142857142857,0.0531060989718179,1
2021-09-17,47267.51953125,0.0531060989718179,-0.0551291313408445,-0.0419880595327512,0.1035702287966143,-0.2200794169157489,0.0183616684428964,-0.0113231844551263,0.0670478931188251,0.0126402989328244,0.1045336199385855,0.1207071285925154,0.0918322195236431,63.379266968590535,2050.2589339797123,1441.4727377328752,-0.0203971082229524,-0.0073289513594743,-0.0090697030414401,1.3700000047683716,149.1699981689453,1.909000039100647,20.809999465942383,0.0290000438690185,0.7700042724609375,-0.024999976158142,-0.1400012969970703,41.0,-22.0,-0.0936746750233564,0
2021-09-24,42839.75,-0.0936746750233564,-0.0455432726144817,-0.1267649169095134,0.2101826428725657,0.1304701628575906,-0.0272475367335514,-0.0738180143423821,0.0790039773863766,-0.0837010470996405,0.0728883119424335,-0.0019101959596977,0.0984361196471404,58.81520289642221,1760.0849123396474,1505.1951726542295,-0.0028698858670186,-0.0013375064011975,0.0056864744003908,1.4600000381469729,146.91000366210938,1.9880000352859497,17.75,0.0900000333786013,-2.2599945068359375,0.0789999961853027,-3.059999465942383,37.285714285714285,-3.7142857142857153,0.1231844585052432,1
2021-10-01,48116.94140625,0.1231844585052432,0.01797051936348,-0.0381493110996169,0.1580803668666271,-0.1341110314808387,0.1138696027970451,0.0511153982430847,0.1114018764699025,0.0147917382735907,0.0843244085158317,0.0907165333537267,0.1019854578130888,70.03318440296496,1933.6551795038176,1590.8871740241475,0.0078995300797632,-0.035223513699559,-0.0217837249621769,1.4789999723434448,145.35000610351562,2.058000087738037,21.100000381469727,0.0189999341964719,-1.55999755859375,0.0700000524520874,3.3500003814697266,25.285714285714285,-12.0,0.1215976344090734,1
2021-10-08,53967.84765625,0.1215976344090734,0.2597610316645171,0.2023873915703193,0.1645049218758651,0.083740159952012,0.0484623238310681,0.1232066101196338,0.1018656106224971,0.1199576944633638,0.0852348776589062,0.1733711550479793,0.0990848237103233,72.43986694329891,2514.34628421074,1775.578996061466,-0.0021872569315362,0.0027208923489825,0.0083363927749575,1.6050000190734863,141.8800048828125,2.1619999408721924,18.770000457763672,0.1260000467300415,-3.470001220703125,0.1039998531341552,-2.3299999237060547,62.0,36.714285714285715,0.1413082398815439,1
2021-10-15,61593.94921875,0.1413082398815439,0.2800886219827232,0.3030924793510343,0.1464751731206348,0.1564505210026281,0.0824378350539272,0.1929963216633166,0.1115446542610216,0.2388351648053788,0.0958170679095836,0.2744927016339025,0.1024658171128542,76.59981449779157,3549.000165713762,2130.2632299919255,0.0066979609823565,0.0215416953716049,0.018293541391305,1.5759999752044678,145.02999877929688,2.0510001182556152,16.299999237060547,-0.0290000438690185,3.149993896484375,-0.1109998226165771,-2.470001220703125,71.85714285714286,9.85714285714286,-0.0146391586379318,0
2021-10-22,60692.265625,-0.0146391586379318,0.1246004475031392,0.4167278199569324,0.1279557089363477,-0.0660519065244248,-0.0313818034904733,0.0819983789056688,0.0722235544203626,0.1860109444161612,0.0963721157360255,0.2171006049598398,0.0819287251710411,78.82476244872686,4247.252804247881,2553.6611448431167,0.0147583766671677,0.013986023819493,0.0162603451216638,1.6549999713897705,144.1300048828125,2.0910000801086426,15.43000030517578,0.0789999961853027,-0.899993896484375,0.0399999618530273,-0.8699989318847674,78.71428571428571,6.857142857142847,0.0253030464909425,1
2021-10-29,62227.96484375,0.0253030464909425,0.0102934725414067,0.2932651790636695,0.0887447671455489,-0.0787723923529702,0.0219647036126764,0.0437342475968487,0.0750520903324744,0.1808238892560401,0.0962988813454244,0.2086880787042306,0.0817406956255827,78.56115010407991,4868.421016512526,3016.6131191769987,-0.0066758678396267,0.0321036595886172,0.0135284360630061,1.5570000410079956,147.69000244140625,1.9420000314712524,16.260000228881836,-0.0979999303817749,3.55999755859375,-0.1490000486373901,0.8299999237060565,72.0,-6.714285714285708,-0.0177137250955863,0
2021-11-05,61125.67578125,-0.0177137250955863,0.0071411101857346,0.1326313432136858,0.0743976948618858,-0.0336361611802715,-0.0112489260265763,-0.00462934787834,0.0744535966732288,0.1168793104017424,0.083127730293275,0.16219732806376,0.0786777583187467,72.17278352311675,5211.678795876425,3455.6262545168843,0.0191419295423902,0.0323483495009346,0.0202068563512181,1.4529999494552612,149.3000030517578,1.8860000371932983,16.479999542236328,-0.1040000915527343,1.6100006103515625,-0.0559999942779541,0.2199993133544922,73.71428571428571,1.7142857142857082,0.049574349670086,1
2021-11-12,64155.94140625,0.049574349670086,0.0309824781726513,0.0415948680023929,0.1344512068707588,0.085673328900012,-0.0110945358849872,0.033931729551079,0.0325261832478796,0.128710309803572,0.083071557396436,0.191832764149942,0.0790102538664788,73.68581977851369,5662.951193715649,3897.091242356638,0.027143197772921,-0.009784229394797,-0.0026892830104963,1.5820000171661377,147.3300018310547,1.955000042915344,16.290000915527344,0.1290000677108764,-1.970001220703125,0.0690000057220456,-0.1899986267089843,75.57142857142857,1.8571428571428612,-0.0940889206663865,0
2021-11-19,58119.578125,-0.0940889206663865,-0.0491789680494969,-0.0423890502934244,0.1819763832809135,-0.0222211164062714,-0.0471675660639051,-0.0535394398933923,0.0630436167568119,-0.0107309304296951,0.083168186926023,0.0647589863522091,0.0859427202620845,61.19828772467768,5470.443879629958,4211.761769811303,-0.0105474139872673,0.0235368070433978,0.0034670012473627,1.5360000133514404,148.36000061035156,1.906999945640564,17.90999984741211,-0.0460000038146972,1.029998779296875,-0.04800009727478,1.6199989318847656,61.285714285714285,-14.285714285714285,-0.0782836463508827,0
2021-11-26,53569.765625,-0.0782836463508827,-0.1650069432262856,-0.1391367890704785,0.1201173848938227,-0.0407049936027943,-0.0653044110168104,-0.0957581399329552,0.0653619282351981,-0.0986319666446385,0.085480115513023,-0.0238761773982107,0.090268093658873,54.30722650789377,4894.329814410346,4348.275378731112,-0.033369992969518,-0.0316591458613209,-0.0211563759470804,1.4819999933242798,150.52999877929688,1.8270000219345093,28.6200008392334,-0.0540000200271606,2.1699981689453125,-0.0799999237060546,10.710000991821287,42.285714285714285,-19.0,0.0005316519200282,1
2021-12-03,53598.24609375,0.0005316519200282,-0.0777936140817436,-0.1231467724698596,0.1234521068968631,-0.0215516231996167,-0.0492513188497809,-0.0655958648866898,0.067581246959477,-0.0974511407113424,0.0742171730220541,-0.036111762176735,0.0832496238913889,54.64565289833428,4389.454503675202,4356.511203719931,-0.001318556863382,-0.0206288524345648,-0.0120922669852227,1.343000054359436,154.35000610351562,1.6779999732971191,30.670000076293945,-0.1389999389648437,3.82000732421875,-0.1490000486373901,2.049999237060547,31.142857142857142,-11.142857142857142,-0.1185662194082697,0
2021-12-10,47243.3046875,-0.1185662194082697,-0.1180976034464402,-0.2636176221256787,0.233473559332068,0.0938946940565053,-0.0403786772325106,-0.1108435356337623,0.0514950139132072,-0.1796840057306135,0.0597429043664599,-0.1503655139732993,0.0910560864209341,47.43571815157696,3436.927757686979,4172.594514513341,-0.0003000843203058,0.038838004575924,0.0381985274000284,1.4889999628067017,148.86000061035156,1.8839999437332156,18.690000534057617,0.1459999084472656,-5.4900054931640625,0.2059999704360964,-11.979999542236328,23.571428571428573,-7.571428571428569,-0.0220382583973952,0
2021-12-17,46202.14453125,-0.0220382583973952,-0.1379914848251433,-0.2050502425898329,0.1105284699565403,-0.1844824336887446,-0.0361805927519686,-0.0787827633232644,0.054013448682774,-0.1717125644698379,0.0595105174684505,-0.1732560841199729,0.0863158648876671,51.31438917055619,2568.4233401584643,3851.760279642366,0.0073238156278834,-0.0329137604132865,-0.0230912931611684,1.4019999504089355,150.8300018310547,1.8179999589920044,21.56999969482422,-0.0870000123977661,1.970001220703125,-0.0659999847412111,2.8799991607666016,24.571428571428573,1.0,0.0999964574831611,1
2021-12-24,50822.1953125,0.0999964574831611,0.0757544513169277,-0.0512895712804418,0.1226672463018664,-0.117989636833258,0.0517279326838953,0.0274068997333025,0.0897063330258299,-0.0649882570001963,0.073890978194029,-0.0942384613651756,0.0837657685654095,53.39298544553588,2227.2524390018443,3526.8587115142623,0.0069725753734606,0.0312021242663464,0.0233327051128739,1.493000030517578,148.52000427246094,1.9049999713897705,17.959999084472656,0.0910000801086423,-2.30999755859375,0.0870000123977661,-3.6100006103515625,32.142857142857146,7.571428571428573,-0.088853894882603,0
2021-12-31,46306.4453125,-0.088853894882603,0.0022574878787164,-0.1360455110507857,0.1325166498656622,0.0276411282336821,-0.0452175200928525,-0.0280641959152738,0.0970358052315519,-0.1180094741374829,0.0774190719811006,-0.1652203072674024,0.0796944741709925,53.30345852275579,1574.3407365115927,3136.3551165137283,0.0117772709876753,0.0023430228870295,0.0092647371334786,1.5119999647140503,148.19000244140625,1.9049999713897705,17.219999313354492,0.0189999341964723,-0.3300018310546875,0.0,-0.7399997711181641,33.42857142857143,1.2857142857142847,-0.1025460481085162,0
2022-01-07,41557.90234375,-0.1025460481085162,-0.1822883272118588,-0.1203430281043461,0.1637224343331964,0.4590870902789179,-0.0689291913237165,-0.1009097872740321,0.0925174319534484,-0.163445301183328,0.0732395567429537,-0.2275739230552134,0.0678777654623378,43.6861950412885,666.057875383769,2642.2956682877366,-0.0187763604808446,-0.0452180984691812,-0.018675246919248,1.7710000276565552,142.25999450683594,2.118000030517578,18.76000022888184,0.2590000629425049,-5.9300079345703125,0.2130000591278076,1.5400009155273473,22.714285714285715,-10.714285714285715,0.0370999686713464,1
2022-01-14,43099.69921875,0.0370999686713464,-0.0692505346093661,-0.067149378973125,0.1039880009313435,-0.239103928626497,0.0151933671522057,-0.0516400207162954,0.0984025538589206,-0.0983319523203408,0.0766864834948336,-0.1764767180877416,0.0705408289141928,38.59177177819445,69.8421893105915,2127.8049724923076,0.011445592661373,0.0003949466115091,-0.0029393360251275,1.7719999551773071,142.10000610351562,2.114000082015991,19.190000534057617,0.0009999275207519,-0.1599884033203125,-0.0039999485015869,0.4300003051757777,20.142857142857142,-2.571428571428573,-0.1541166860303821,0
2022-01-21,36457.31640625,-0.1541166860303821,-0.1227344415824945,-0.2826497127469989,0.2176036767311259,-0.2149686375121631,-0.1138951498524734,-0.1289685929744676,0.0811559365491302,-0.2015638976418997,0.0869329386051137,-0.2735876637423668,0.0774054061498385,23.057820167138388,-927.9509764368996,1516.6537827064662,0.0083691765442903,-0.074524371980847,-0.0575400029353927,1.746999979019165,143.6300048828125,2.063999891281128,28.850000381469727,-0.024999976158142,1.529998779296875,-0.0500001907348632,9.65999984741211,22.428571428571427,2.2857142857142847,0.0363991581336609,1
2022-01-28,37784.33203125,0.0363991581336609,-0.123327245522577,-0.184037302447604,0.149303990813818,0.2741998150599689,0.0408542927506598,-0.04884807118347,0.0976075893924659,-0.1350566072217486,0.0903880925936427,-0.2167925879956359,0.08038821508837,25.6684522596928,-1593.2640225189823,894.6702216613767,-0.0233210025120057,0.0003127338019248,0.0090643433972312,1.781999945640564,143.1300048828125,2.0829999446868896,27.65999984741211,0.0349999666213989,-0.5,0.0190000534057617,-1.1900005340576172,16.571428571428573,-5.857142857142854,0.0983620132724905,1
2022-02-04,41500.875,0.0983620132724905,0.138341465881602,-0.0013722382635747,0.1241478907071236,-0.3414611156898044,0.0835928274731481,0.0450842176846624,0.1096199929208499,-0.0341078146010221,0.0955280673088412,-0.1047192242872486,0.0861501126598561,28.959573828406008,-1799.8874654178362,355.7586842455341,0.010532581942251,0.0176521381129517,0.0152732205307373,1.9299999475479128,139.00999450683594,2.2330000400543213,23.21999931335449,0.1480000019073488,-4.1200103759765625,0.1500000953674316,-4.440000534057621,23.857142857142858,7.285714285714285,0.0218564668817222,1
2022-02-11,42407.9375,0.0218564668817222,0.1223683262397226,-0.0160502678972074,0.1090143612560738,0.2845250099689209,-0.0210488149679102,0.07259725323872,0.1083637066162644,-0.0019803778727371,0.0961253720158906,-0.0585605484319859,0.0850700965630751,30.923691197742443,-1868.9021290517703,-89.17347841392677,0.0293142066229432,-0.0305857710911486,-0.0183642088874096,1.955000042915344,138.25,2.256999969482422,27.36000061035156,0.0250000953674311,-0.7599945068359375,0.0239999294281005,4.14000129699707,45.285714285714285,21.428571428571427,-0.0560499066359924,0
2022-02-18,40030.9765625,-0.0560499066359924,-0.0354184926823831,0.0980231270022209,0.1256427395581351,-0.1894061962315761,-0.054531993078445,-0.0098947196802038,0.063484419043602,-0.0270326414834322,0.0868152402750229,-0.0884983863014342,0.0839801437871216,25.081049247520028,-2091.290534274347,-489.5968895860108,0.0190437696627774,-0.0159914361551612,-0.0141442596140661,1.932000041007996,138.22999572753906,2.250999927520752,27.75,-0.0230000019073479,-0.0200042724609375,-0.0060000419616699,0.389999389648441,44.71428571428572,-0.5714285714285623,-0.0204031448302242,0
2022-02-25,39214.21875,-0.0204031448302242,-0.0753094571034019,0.0378433769205552,0.151977021249467,0.2458047485191112,0.0288699116509298,-0.038596249622852,0.0664123933348161,-0.0258948096632988,0.0830237839504246,-0.0820415119258362,0.0837169198135967,28.11234107861314,-2306.848562904299,-853.0472242496685,-0.0032181124725786,0.0124739513520275,0.0081062776054479,1.9859999418258667,136.8699951171875,2.2960000038146973,27.59000015258789,0.0539999008178706,-1.3600006103515625,0.0450000762939453,-0.1599998474121093,24.571428571428573,-20.14285714285715,-0.0019537117834331,0
2022-03-04,39137.60546875,-0.0019537117834331,-0.0223169947491834,-0.05694505311635,0.1995165894534578,0.0557440629788315,-0.0613670369084395,-0.0263716458520948,0.0328629400304052,-0.0204363065947296,0.0755735316181076,-0.0691157315458976,0.0781210132238267,31.36056941524089,-2455.5557865413866,-1173.5489367080122,0.0403851005424973,-0.0244960565978101,-0.0127469710388706,1.7239999771118164,140.24000549316406,2.151000022888184,31.979999542236328,-0.2619999647140503,3.3700103759765625,-0.1449999809265132,4.3899993896484375,35.285714285714285,10.714285714285712,-0.0087545675928891,0
2022-03-11,38794.97265625,-0.0087545675928891,-0.0106911754744571,-0.0851954859570806,0.1341789513843459,-0.0572763266781956,-0.0152527514570607,-0.0127109754057842,0.0240767204146602,-0.0157564486251851,0.0736517478785547,-0.0635161641355465,0.0780705630739868,31.03516266578802,-2571.4132854132768,-1453.1218064490654,0.0076764139717613,-0.0382448691471707,-0.0279982546858006,2.003999948501587,134.91000366210938,2.364000082015991,30.75,0.2799999713897705,-5.3300018310546875,0.2130000591278071,-1.229999542236328,22.857142857142858,-12.428571428571429,0.077488998906813,1
2022-03-18,41801.15625,0.077488998906813,0.068056048635289,0.0442202474060615,0.1080116466575012,-0.0251672760218636,0.0445208670542069,0.0519457577947342,0.0445853969188892,0.0428387031041532,0.0512994832582728,0.027700510724445,0.0753699310796012,42.373554019404544,-2393.071457558908,-1641.111736671034,-0.0312820433340056,0.0835080050788625,0.0582045403460145,2.1480000019073486,133.44000244140625,2.4179999828338623,23.8700008392334,0.1440000534057617,-1.470001220703125,0.053999900817871,-6.879999160766602,23.285714285714285,0.428571428571427,0.0609450658138195,1
2022-03-25,44348.73046875,0.0609450658138195,0.1431566368588552,0.1309349486594069,0.0976679416291774,0.0400172978540653,0.0413103735157074,0.0811327221585012,0.0436685866561875,0.0842001836472972,0.0532297205291149,0.0947246639624375,0.0741421081118762,47.50790528407654,-2022.8481908489848,-1717.459027506624,0.0171779240302945,0.0223619906327903,0.0183794061676789,2.492000102996826,128.66000366210938,2.602999925613404,20.809999465942383,0.3440001010894775,-4.779998779296875,0.1849999427795414,-3.0600013732910156,33.285714285714285,10.0,0.0435844282817072,1
2022-04-01,46281.64453125,0.0435844282817072,0.107185749945613,0.1825364371922104,0.0847109591655236,0.1659880879837001,-0.0040157639275778,0.0811794547084869,0.0373719764839009,0.1151624349704918,0.0447720168148085,0.1314434663122734,0.0676597483012678,43.41924946287086,-1555.5422510808055,-1685.0756722214603,-0.0157912315259726,0.0069570055865808,0.0005080982241436,2.377000093460083,132.3800048828125,2.424000024795532,19.6299991607666,-0.1150000095367431,3.720001220703125,-0.1789999008178719,-1.1800003051757812,53.285714285714285,20.0,-0.0862972893293195,0
2022-04-08,42287.6640625,-0.0862972893293195,-0.0464740790652917,0.0900294849334637,0.1213164078398306,-0.0191478468358547,-0.06057903235992,-0.0318713639479634,0.074777521855857,0.0192961802999291,0.0569396314421071,0.0355160296904297,0.0725656177039373,44.0860201455444,-1490.300515139017,-1646.120640804972,0.0109749371626914,-0.0350974491994291,-0.0118122536980124,2.713000059127808,125.12000274658205,2.746000051498413,21.15999984741211,0.335999965667725,-7.2600021362304545,0.3220000267028813,1.5300006866455078,46.285714285714285,-7.0,-0.0410095770763525,0
2022-04-15,40553.46484375,-0.0410095770763525,-0.1237678510674411,-0.0298482510576486,0.0987170967493048,-0.1773169594856937,-0.0063563048397438,-0.0648962179824879,0.0697930484144014,-0.0240411266916266,0.0549994578066407,-0.0151818223125875,0.056067069360345,48.3779835310474,-1560.5423917215012,-1629.004990988278,0.0141620766415495,-0.0307031402208226,-0.0218513274331456,2.828000068664551,120.75,2.9189999103546143,22.700000762939453,0.1150000095367427,-4.3700027465820455,0.1729998588562011,1.5400009155273438,27.285714285714285,-19.0,-0.0200511728007211,0
2022-04-22,39740.3203125,-0.0200511728007211,-0.0602384597606312,-0.103913011884236,0.1056204527792833,0.0794296679043637,-0.0228221825964676,-0.0586381090154579,0.0539704205894619,-0.0451214791907784,0.0549782445109892,-0.0387336009895127,0.0560507047969218,44.44436261732233,-1662.6574725428582,-1635.735487299194,-0.0203760059595837,-0.0385013121215285,-0.026839351676968,2.9059998989105225,119.98999786376952,2.944000005722046,28.209999084472656,0.0779998302459716,-0.760002136230483,0.0250000953674316,5.509998321533203,26.714285714285715,-0.5714285714285694,-0.0284470805685582,0
2022-04-29,38609.82421875,-0.0284470805685582,-0.0479278560411231,-0.1657637793600848,0.073269078718732,0.073881202967234,-0.0173800534150876,-0.0418879782913186,0.0295151568201648,-0.0708120479651975,0.0561052290834441,-0.0606044381900466,0.0484146889050808,54.35341196160062,-1813.896526561948,-1671.367695151745,-0.0187475165005922,-0.03733864205403,-0.0329546715409979,2.88700008392334,119.4499969482422,2.947000026702881,33.400001525878906,-0.0189998149871826,-0.5400009155273153,0.0030000209808349,5.19000244140625,23.714285714285715,-3.0,-0.0665349401539743,0
2022-05-06,36040.921875,-0.0665349401539743,-0.0930892959193483,-0.1477201998735964,0.1226610246425612,0.1446799481922756,-0.0480695468249399,-0.0695787302915862,0.0202701178481391,-0.1253894445516533,0.0608637866764035,-0.1116388752807638,0.0506425795499183,46.64263496206807,-2116.6441601061088,-1760.422988142618,-0.0084223925290845,-0.0127693535514764,-0.0016019506361878,3.122999906539917,113.66999816894533,3.220999956130981,30.190000534057617,0.2359998226165771,-5.779998779296875,0.2739999294281001,-3.210000991821289,23.857142857142858,0.1428571428571423,-0.1875040372944123,0
2022-05-13,29283.103515625,-0.1875040372944123,-0.2415634075483743,-0.2779136473677158,0.333961717604722,0.5931721091554067,-0.0529124765104024,-0.1847357522497431,0.0772738726410816,-0.2613336789454101,0.0777451517126803,-0.2619156773083675,0.0710674006211397,28.938682483492514,-2868.803523771974,-1982.0990952684892,-0.0377950345001555,-0.023637825573464,-0.0233869674790516,2.934999942779541,115.9800033569336,3.0929999351501465,28.8700008392334,-0.1879999637603759,2.310005187988267,-0.1280000209808345,-1.3199996948242188,13.714285714285714,-10.142857142857144,-0.002812655468914,0
2022-05-20,29200.740234375,-0.002812655468914,-0.1897893085073867,-0.2652112513247624,0.08921969885315,-0.4185887725478011,-0.0235741381048967,-0.1226700658740692,0.0817577125974192,-0.226464524180759,0.0685672870364551,-0.248178915177528,0.0713123348687961,26.56681385516671,-3431.9795431110833,-2272.075184837008,0.0191954832753125,-0.0439160417911111,-0.0300955797599145,2.7869999408721924,118.51000213623048,2.996000051498413,29.43000030517578,-0.1480000019073486,2.529998779296889,-0.0969998836517334,0.5599994659423828,11.285714285714286,-2.428571428571427,-0.0196284755463244,0
2022-05-27,28627.57421875,-0.0196284755463244,-0.0223859228761466,-0.2585417106134439,0.0813439402761132,-0.0662973833656678,-0.0249666492600103,-0.0701735994599422,0.0834017141151633,-0.1945639604590974,0.0594593533034268,-0.2459319045203918,0.071047675445836,28.38360671324041,-3879.826083234475,-2593.6253645165016,0.004766653083982,0.0707358110912392,0.0657803674296622,2.743000030517578,119.08000183105467,2.9719998836517334,25.71999931335449,-0.0439999103546142,0.5699996948241903,-0.0240001678466796,-3.7100009918212926,12.0,0.7142857142857135,0.0376146577429785,1
2022-06-03,29704.390625,0.0376146577429785,0.0172478638069628,-0.175814904845577,0.1244023794883016,0.1260152252554411,-0.0189260527101962,0.0171359846783365,0.0992326615314447,-0.1255709897307696,0.0663402029431081,-0.2016371201084148,0.0731380216138199,32.14908237574245,-4100.5885756162315,-2895.0180067364477,-0.0015620726810923,-0.009382057066389,-0.0113663755471351,2.9570000171661377,116.02999877929688,3.114000082015991,24.790000915527344,0.2139999866485595,-3.0500030517577983,0.1420001983642578,-0.9299983978271448,13.285714285714286,1.2857142857142865,-0.0208920608853594,0
2022-06-10,29083.8046875,-0.0208920608853594,0.015936749137871,-0.0068059325753725,0.0933558920651447,-0.1546161778736775,-0.0397946066333152,-0.002412102850534,0.0273029507562248,-0.1061130664404131,0.0667219977376404,-0.1953986090754529,0.0665045975509951,31.505678343739888,-4276.325719070694,-3171.279549203297,0.0113570021687496,-0.0566950201732944,-0.0505188783560023,3.1559998989105225,113.7699966430664,3.196000099182129,27.75,0.1989998817443847,-2.2600021362304688,0.0820000171661377,2.959999084472656,13.285714285714286,0.0,-0.2961208947097115,0
2022-06-17,20471.482421875,-0.2961208947097115,-0.3108263798333684,-0.2989396070933828,0.4505555031346483,0.5594454104718474,-0.1259760338334781,-0.241004583905076,0.150077701229335,-0.3205102983445734,0.1118969407088195,-0.40066646085751,0.0964364952690447,24.156207393028964,-5052.301317393183,-3547.4839028412744,-0.0187348982437005,-0.0489890391770101,-0.0614161190126084,3.239000082015991,112.08000183105467,3.2939999103546143,31.1299991607666,0.0830001831054687,-1.689994812011733,0.0979998111724853,3.3799991607666016,9.714285714285714,-3.571428571428573,0.0371333063458418,1
2022-06-24,21231.65625,0.0371333063458418,-0.2699835362625301,-0.2583494470134304,0.1842534474612643,-0.2618074787756073,0.049613855129958,-0.1548860818863753,0.159420540167228,-0.2405184233803282,0.1178731751334127,-0.3379502646256732,0.0958388565109378,19.025995545355187,-5542.04267660006,-3946.395657593032,-0.0068897524676482,0.0725180484659442,0.0662001918505235,3.125,112.55999755859376,3.256999969482422,27.229999542236328,-0.1140000820159912,0.4799957275390909,-0.0369999408721923,-3.8999996185302734,9.0,-0.7142857142857135,-0.0924227973265157,0
2022-07-01,19269.3671875,-0.0924227973265157,-0.0587214550271389,-0.3512956575758739,0.1584934434876599,-0.2652275426638101,-0.054355969859334,-0.1441191818547731,0.1453646454793125,-0.2548298043236535,0.1182809009511579,-0.3609127551195984,0.0960201192312571,11.557326811734086,-6019.121869835082,-4360.940900041442,-0.0104061911445734,-0.0423610233504389,-0.0226620094395766,2.888999938964844,115.81999969482422,3.115999937057495,26.700000762939453,-0.2360000610351558,3.2600021362304545,-0.1410000324249267,-0.529998779296875,12.142857142857142,3.1428571428571423,0.1277545845717722,1
2022-07-08,21731.1171875,0.1277545845717722,0.0235243511678464,-0.2528103726112605,0.154064340341453,0.1492502211769817,0.0576280120534706,0.0510358016689631,0.1838696954595077,-0.1277903789902683,0.1251271522585898,-0.2397150501594462,0.1101208667279319,12.968321531389163,-6127.928965733339,-4714.338513179821,-0.0357652329521658,0.046857835011892,0.0194890971138459,3.1010000705718994,112.5,3.2690000534057617,24.63999938964844,0.2120001316070552,-3.3199996948242188,0.1530001163482666,-2.060001373291012,16.285714285714285,4.142857142857142,-0.0411754745409358,0
2022-07-15,20836.328125,-0.0411754745409358,0.0813187543863134,0.0178221437806156,0.1380850565231248,0.0834555434981709,0.0165127503302848,0.0033327176263857,0.0960776585607248,-0.1270718447909159,0.1247290283159049,-0.2284991887659785,0.1098660887118027,14.3058554328978,-6214.72192658544,-5014.4151958609455,-0.0202711551636427,-0.0117826677312085,-0.0091080053068721,2.930000066757202,116.13999938964844,3.094000101089477,24.229999542236328,-0.1710000038146972,3.6399993896484375,-0.1749999523162846,-0.4099998474121129,19.142857142857142,2.8571428571428577,0.0901622579254233,1
2022-07-22,22714.978515625,0.0901622579254233,0.0452743096287258,0.0698637095551601,0.1619160642985007,0.22963231808603,0.008577975138132,0.0746066165021777,0.104738490957854,-0.0179595803680898,0.1322806989636578,-0.1155621244274525,0.1167188996049287,20.45949683655807,-6062.035218866029,-5223.939200461962,0.0104396183853587,0.0346729546938329,0.0258613749352216,2.782999992370605,118.5500030517578,2.997999906539917,23.030000686645508,-0.1470000743865971,2.410003662109361,-0.0960001945495601,-1.1999988555908203,27.571428571428573,8.42857142857143,0.0479707386086876,1
2022-07-29,23804.6328125,0.0479707386086876,0.1424581466414203,0.2353614200647968,0.1477851278293058,-0.09965106499106,0.0528625029672125,0.0688256503311048,0.0726250539654118,0.0630427767983141,0.1329710671747472,-0.0348142003168221,0.1186778291717979,23.850009929152375,-5786.4018689777,-5336.43173416511,0.0213481544386628,0.0446041314490226,0.0427750488575546,2.6419999599456787,117.43000030517578,2.9739999771118164,21.32999992370605,-0.1410000324249263,-1.120002746582017,-0.0239999294281005,-1.700000762939457,30.857142857142858,3.2857142857142847,-0.0216478180291191,0
2022-08-05,23289.314453125,-0.0216478180291191,0.0252844587594449,0.0717035048028407,0.0896067125741427,-0.1521329128762085,0.0019073025917404,0.0277124702948932,0.0610371044752788,0.0747950543422384,0.1329733194221207,-0.0361891927860624,0.1073611926379291,24.34145832454236,-5545.6159298532,-5378.268573302729,0.0072515974305724,0.0199391641263566,0.0035923469535901,2.8399999141693115,116.47000122070312,3.065000057220459,21.149999618530277,0.1979999542236328,-0.9599990844726562,0.0910000801086425,-0.1800003051757741,34.285714285714285,3.428571428571427,0.0478117940522113,1
2022-08-12,24402.818359375,0.0478117940522113,0.025128955005804,0.1711669260043868,0.0840521510586915,-0.0268660171451156,0.0289037161739131,0.0360839227411042,0.0463200690663021,0.1012088923620861,0.0720523275417872,0.0268836961220333,0.1087762824117076,29.5098047913567,-5204.941552777269,-5343.603169197637,0.0156089414716622,0.0268531923805361,0.0329649184767264,2.8489999771118164,115.5500030517578,3.118000030517578,19.530000686645508,0.0090000629425048,-0.9199981689453268,0.0529999732971191,-1.6199989318847692,35.285714285714285,1.0,-0.1444614131484396,0
2022-08-19,20877.552734375,-0.1444614131484396,-0.1035565784301729,-0.0808904917073148,0.2043698436203581,0.12592465958678,-0.1145288253549368,-0.0959585692139008,0.0907164560528332,-0.0559877088519739,0.0930347673640748,-0.0969182406891588,0.11567516028869,33.30021813964477,-5159.933625691825,-5306.869260496474,-0.0306784657549388,-0.0227913343715534,-0.0116131851655276,2.989000082015991,113.04000091552734,3.2249999046325684,20.600000381469727,0.1400001049041748,-2.5100021362304545,0.1069998741149902,1.0699996948242188,40.85714285714285,5.571428571428562,-0.0295788117976216,0
2022-08-26,20260.01953125,-0.0295788117976216,-0.1697672279945251,-0.1489043460224556,0.0792410776689388,0.0760262486363885,-0.0470298446215853,-0.0876916899169493,0.0796487192264346,-0.0890113180779696,0.0863611281143811,-0.0927437883235892,0.1143024520819073,32.606832368605964,-5115.13025029649,-5268.521458456478,-0.0058997462307359,-0.0477605885206412,-0.039868329241093,3.0350000858306885,113.62000274658205,3.2049999237060547,25.559999465942383,0.0460000038146972,0.5800018310547017,-0.0199999809265136,4.959999084472656,27.142857142857142,-13.714285714285705,-0.0143261484238604,0
2022-09-02,19969.771484375,-0.0143261484238604,-0.043481209773468,-0.142535022893496,0.0471642540194784,-0.0247060086158059,-0.0025675595445708,-0.06585271309242,0.0802004046821923,-0.0930839625116639,0.0720094961012924,-0.0742557853865749,0.1143376413076495,32.9697536059267,-5044.889498380813,-5223.795066441346,-0.0154549955792335,-0.0399101903338371,-0.0322469403739029,3.193000078201294,110.22000122070312,3.344000101089477,25.46999931335449,0.1579999923706054,-3.4000015258789205,0.1390001773834224,-0.0900001525878941,25.0,-2.1428571428571423,0.0706758642921532,1
2022-09-09,21381.15234375,0.0706758642921532,0.0553372029464587,-0.1238244685972571,0.1307199590761065,0.1066803143331371,0.0834708909540693,0.0368065054525832,0.0884713858385157,-0.0319808364543222,0.0754584296212516,-0.0122989442102788,0.0783704501517786,33.84054663761111,-4819.77716552373,-5142.9914862578225,0.0035163433172087,0.0403834480736458,0.0366102799986307,3.321000099182129,108.30999755859376,3.4560000896453857,22.790000915527344,0.1280000209808349,-1.9100036621093608,0.1119999885559086,-2.679998397827145,21.714285714285715,-3.2857142857142847,-0.0752330058508379,0
2022-09-16,19772.583984375,-0.0752330058508379,-0.0098742992704892,-0.052926162566011,0.1655698690273375,0.1692780673868508,-0.0565121406841443,-0.0281775868052996,0.0609592316541115,-0.0896487509101573,0.0716103220230773,-0.0814473248985172,0.081043735854863,32.59028277221522,-4716.7997121468325,-5057.753131435626,-0.0249030834935083,-0.057865737163641,-0.051746208138436,3.447999954223633,107.06999969482422,3.5190000534057617,26.299999237060547,0.1269998550415039,-1.2399978637695457,0.0629999637603759,3.509998321533203,26.857142857142858,5.142857142857142,-0.0240203967713739,0
2022-09-23,19297.638671875,-0.0240203967713739,-0.0974462759713715,-0.0475014773747172,0.0970179216591732,-0.0632252246106469,0.0037740938444927,-0.0401709244160386,0.0604899974327497,-0.0878562326288148,0.0669608410538986,-0.1036094328037189,0.0764478618361525,46.84519642668921,-4620.254043265824,-4970.253313801666,-0.0181596631003424,-0.0477326047594003,-0.0456737873821732,3.697000026702881,105.6999969482422,3.611999988555908,29.920000076293945,0.249000072479248,-1.370002746582017,0.0929999351501464,3.6200008392333984,22.571428571428573,-4.285714285714285,0.0069516479661584,1
2022-09-30,19431.7890625,0.0069516479661584,-0.0172357301475775,-0.0269398386604441,0.0918679282377579,0.1184161704631716,0.0078993658119539,-0.0269895144715744,0.0610012788111497,-0.0600931966356761,0.0678525575003657,-0.0892721375081466,0.0656998649230117,44.99426383740586,-4481.25892630616,-4872.454436302565,0.0108489884432694,-0.0299444655641304,-0.0292703333984133,3.803999900817871,102.4499969482422,3.765000104904175,31.6200008392334,0.1069998741149902,-3.25,0.1530001163482666,1.7000007629394531,21.714285714285715,-0.8571428571428577,0.0059212533907671,1
2022-10-07,19546.849609375,0.0059212533907671,0.0129140638260165,-0.0857906395728568,0.0735551515004965,-0.3006887239479134,-0.0108882504431381,0.0017750048753764,0.0385355832612708,-0.0259289215527338,0.0633122324471275,-0.0792423059637262,0.0648900346874912,50.86010026178781,-4312.112521230283,-4760.386053288109,0.0207539067166788,0.0068846676294902,0.0157064112889238,3.882999897003174,100.98999786376952,3.8410000801086426,31.36000061035156,0.0789999961853027,-1.459999084472685,0.0759999752044677,-0.2600002288818395,23.142857142857142,1.428571428571427,-0.0184783413487646,0
2022-10-14,19185.65625,-0.0184783413487646,-0.0126665028993647,-0.0296839166210552,0.0817967443125642,-0.0294867872443358,-0.0021105674521544,-0.0092859622833897,0.0161492276413731,-0.0337448165396998,0.0413604832829445,-0.0835599185527035,0.0578606121035588,40.928676212439235,-4159.262671035736,-4640.161376837635,-0.0310362870770779,-0.0310665762895774,-0.0142231140344937,4.010000228881836,98.56999969482422,3.9779999256134033,32.02000045776367,0.1270003318786621,-2.4199981689452983,0.1369998455047607,0.6599998474121129,22.285714285714285,-0.8571428571428577,-0.0006873624664259,0
2022-10-21,19172.46875,-0.0006873624664259,-0.0191530024969057,-0.006486281767594,0.046734901445595,-0.1290198393721817,-0.0029846777006451,-0.0083645686884393,0.0117673046564076,-0.0277523970234753,0.0406378998877121,-0.0669862929599084,0.0548756767051079,43.6728938339428,-3993.16150440427,-4510.761402350961,0.0076480468141018,0.0563013873712419,0.0465844684021088,4.2129998207092285,93.16999816894533,4.304999828338623,29.690000534057617,0.2029995918273925,-5.400001525878892,0.3269999027252197,-2.3299999237060547,22.714285714285715,0.4285714285714306,0.0742148979901193,1
2022-10-28,20595.3515625,0.0742148979901193,0.0734765229883653,0.0598793294975332,0.0880750927943767,0.5658124036328622,0.0240254283883669,0.0494403051221399,0.0406426911119861,0.0402776972283216,0.0492395347143246,0.0133278024049128,0.0607130445163016,41.6503391954251,-3704.012827506067,-4349.411687381982,-0.0064222528288895,0.0210587012932905,0.0393544581273055,4.010000228881836,96.8000030517578,4.129000186920166,25.75,-0.2029995918273925,3.630004882812472,-0.175999641418457,-3.940000534057617,25.714285714285715,3.0,0.0267962848109308,1
2022-11-04,21147.23046875,0.0267962848109308,0.1029998663448075,0.0818741071506188,0.053119027295795,0.1915980040092479,0.0284127389882931,0.056032150153169,0.0403862308297762,0.0697331994328598,0.0429045685341303,0.0545578738829675,0.0592280521321813,39.068791757586666,-3391.2363408051315,-4157.776618066612,0.0216113703280917,-0.0588151926361069,-0.0325689765769618,4.156000137329102,94.22000122070312,4.245999813079834,24.549999237060547,0.1459999084472656,-2.5800018310546733,0.1169996261596679,-1.2000007629394531,31.285714285714285,5.571428571428569,-0.1944905980042082,0
2022-11-11,17034.29296875,-0.1944905980042082,-0.1729059386504463,-0.1121339428381554,0.3383876481702008,0.5222197315418788,-0.0783004590115769,-0.125878825952271,0.1180905184429567,-0.1231373547713756,0.0785031354517152,-0.1367567548841981,0.0702704899576575,30.146238234156,-3435.634548195507,-4013.3482040923914,0.0517031780838268,0.0879552645590919,0.0588813692114416,3.812999963760376,97.88999938964844,4.058000087738037,22.520000457763672,-0.3430001735687256,3.669998168945313,-0.1879997253417968,-2.029998779296875,31.142857142857142,-0.1428571428571423,-0.019755185942695,0
2022-11-18,16697.77734375,-0.019755185942695,-0.2104035860192242,-0.1290752609128649,0.0740447538044804,-0.5243990073776974,0.001328726201847,-0.1150524407744301,0.1172422468266057,-0.125836130355986,0.0784512680747913,-0.1408861353782879,0.0701340964222448,24.2749377476579,-3458.1114893338818,-3902.30086114069,-0.0107559813971843,-0.0109042374775497,-0.0062232087665419,3.818000078201294,99.63999938964844,3.927000045776367,23.1200008392334,0.0050001144409179,1.75,-0.1310000419616699,0.6000003814697266,22.142857142857142,-9.0,-0.0105364650188519,0
2022-11-25,16521.841796875,-0.0105364650188519,-0.0300835011359209,-0.1977878237845691,0.0725603169951518,-0.2090956030718578,0.0123645993394929,-0.0744214335899572,0.0987358556247394,-0.1182559085165735,0.077996424347271,-0.1371829389292617,0.0701387467700996,31.268044254010675,-3450.347694941338,-3811.91022790082,0.0026414887419676,0.0073730989730826,0.0159078549917619,3.690999984741211,102.9000015258789,3.750999927520752,20.5,-0.127000093460083,3.2600021362304688,-0.1760001182556152,-2.6200008392333984,21.714285714285715,-0.428571428571427,0.0343072138290423,1
2022-12-02,17088.66015625,0.0343072138290423,0.0234092720517864,-0.1919197087532332,0.0668845750917149,-0.1178932425641771,0.0260781811190391,0.015028656098597,0.1007218568581932,-0.0728008634782345,0.0798191062611423,-0.0905939279895911,0.0668947409511252,36.30165554198247,-3359.728469014801,-3721.473876123616,0.0247518273245814,0.0196221040769342,0.0113837328628276,3.50600004196167,107.08999633789062,3.562000036239624,19.059999465942383,-0.184999942779541,4.189994812011719,-0.1889998912811279,-1.4400005340576172,26.428571428571427,4.714285714285712,0.0026036088899414,1
2022-12-09,17133.15234375,0.0026036088899414,0.0370001452858981,0.0058035502372397,0.036630372356955,-0.1612934392553082,0.0047827176020092,0.0161796348006009,0.023622692536336,-0.057263307237041,0.0799820804900482,-0.0774272879069413,0.064382158653282,37.481763709389504,-3246.8937617331576,-3626.5578532455247,-0.0011957249480479,-0.0359254133877611,-0.0334963622426216,3.566999912261963,106.33000183105467,3.549000024795532,22.82999992370605,0.0609998703002929,-0.7599945068359517,-0.0130000114440922,3.770000457763668,26.285714285714285,-0.1428571428571423,-0.0283466789418449,0
2022-12-16,16647.484375,-0.0283466789418449,-0.0258168737171968,-0.0030119558857828,0.1041496744534412,0.058760593957613,-0.0424652265803637,-0.0118888208103444,0.0264407670672823,-0.0677973078563339,0.0800731698228514,-0.0927906681940955,0.0644812822300158,27.251243108650172,-3160.2316066779313,-3533.2926039320064,-0.0016162113995377,-0.0276202251769579,-0.02545262865311,3.4820001125335693,107.11000061035156,3.532999992370605,22.6200008392334,-0.0849997997283935,0.7799987792968892,-0.0160000324249267,-0.2099990844726527,28.142857142857142,1.8571428571428577,0.0089784586447463,1
2022-12-23,16796.953125,0.0089784586447463,-0.0196227297816937,0.0166513716513758,0.0366047134664489,-0.2202267953563297,0.0029015658160256,-0.0070705484639683,0.0257615663453514,-0.03373736640305,0.072745989419027,-0.0735599993507769,0.0645327127345314,33.36732236382862,-3044.3964383961684,-3435.513370824839,0.0028179221753239,-0.0251231163115314,-0.0009392474283961,3.750999927520752,102.16000366210938,3.82699990272522,20.8700008392334,0.2689998149871826,-4.9499969482421875,0.2939999103546151,-1.75,27.571428571428573,-0.5714285714285694,-0.0115715740857019,0
2022-12-30,16602.5859375,-0.0115715740857019,-0.0026970103403385,-0.0284442556821649,0.0332099527040921,-0.1387796387721384,-0.0062349998619467,-0.0114592143038848,0.0165739975128586,-0.0126525853180007,0.0702494487502874,-0.0717182743261773,0.0643387353021324,34.44783243877208,-2934.4534874529454,-3335.3013941504605,0.0142293731972784,-0.0040394473048968,-0.0012535869570846,3.878999948501587,99.55999755859376,3.974999904632568,21.670000076293945,0.1280000209808349,-2.600006103515611,0.1480000019073477,0.7999992370605469,28.142857142857142,0.5714285714285694,0.0210438791773306,1
2023-01-06,16951.96875,0.0210438791773306,0.0092287942846778,-0.0105750296334751,0.0279893513474651,-0.0355762194165526,0.0124903320833753,0.0120730594011966,0.0218815814471137,0.0087423569370592,0.0211950099924244,-0.0422155110406949,0.0649528699271945,36.03671610301835,-2787.003788851249,-3225.641873090618,0.0239920262842627,0.0094636811823052,0.014773929881787,3.569000005722046,105.18000030517578,3.691999912261963,21.1299991607666,-0.309999942779541,5.620002746582017,-0.282999992370605,-0.5400009155273438,26.857142857142858,-1.2857142857142847,0.1744697334196066,1
2023-01-13,19909.57421875,0.1744697334196066,0.1991851325871205,0.1959509178845526,0.1531992008398911,0.4458833559948905,0.0968750300027423,0.1334624314436161,0.0852300166628855,0.1570942549013601,0.0639617196267319,0.1209984325742592,0.0837392221109916,51.54715182939884,-2403.785454390076,-3061.27058935051,0.0290713695111821,0.0452753496295088,0.0268501695224472,3.510999917984009,106.75,3.622999906539917,18.350000381469727,-0.0580000877380371,1.5699996948242188,-0.0690000057220459,-2.779998779296875,26.857142857142858,0.0,0.1389772822474111,1
2023-01-20,22676.552734375,0.1389772822474111,0.3376943450521048,0.3500396509783676,0.1227933244303919,0.4129147569973161,0.0746586789405507,0.1912975952280355,0.0899294114073733,0.2614998443075853,0.0735912839585676,0.2644443467111872,0.0903293625613154,62.35442754137396,-1855.4219722479577,-2820.1008659299996,0.0029648623606139,0.0060860285711958,-0.0065746427031053,3.483999967575073,106.1999969482422,3.6559998989105225,19.850000381469727,-0.0269999504089359,-0.5500030517577983,0.0329999923706054,1.5,48.85714285714285,21.99999999999999,0.017735313914815,1
2023-01-27,23078.728515625,0.017735313914815,0.1591774018899119,0.390068306377348,0.0578107766139155,0.013276118932791,0.006749306778752,0.1173863790512175,0.0806141706663266,0.2325335495704186,0.074088260789009,0.2754227122116452,0.0902310930157305,63.4539879471405,-1372.5656550027306,-2530.593823744546,-0.0003903846731589,0.0480402484848627,0.0247549451149213,3.5179998874664307,106.70999908447266,3.632999897003174,18.51000022888184,0.0339999198913578,0.5100021362304545,-0.0230000019073486,-1.340000152587887,52.57142857142857,3.7142857142857224,0.0160578062066589,1
