Date,btc_close,btc_return_1w,btc_return_2w,btc_return_4w,btc_range_pct,btc_volume_change_1w,btc_vwap_distance,btc_volatility_4w,btc_volatility_8w,btc_sma_ratio_12w,btc_volatility_12w,btc_rsi_14w,btc_macd,market_GLD_return_1w,market_QQQ_return_1w,macro_US10Y_close,macro_VIX_close,macro_US10Y_change_1w,macro_US20Y_change_1w,macro_VIX_change_1w,fear_greed_value,fear_greed_change_1w,target_next_week_return,target_next_week_up
2020-04-10,6865.4931640625,0.06810519465068417,0.22456865774833587,0.7621179542710029,-0.3888535127053581,0.059490649186747194,-0.7132378960537946,-0.8650161917530762,1.9509044434101144,-0.8710105120342772,1.4483027402192874,-0.23170269737467053,-0.20036556178038384,1.9248585502513944,2.745185545119317,-1.0706474230755192,3.2142590557612216,1.020876466618934,-0.964651131991509,-1.325115308930798,-1.1707084056839487,0.44340653444106015,0.0336015783188827,1
2020-04-17,7096.1845703125,0.21269834156052603,0.1758869313044974,0.37913973835099957,-0.6492271260421428,-0.40335302126886113,0.457581626535444,-1.5349152009101723,1.9891040699926394,-0.6922829037845865,1.442662541181482,-0.3798221340626964,-0.20433743468133733,-0.10292229591742535,2.0394102199035635,-1.1422147510236784,2.586142029534307,-0.79403414299147,1.0186919872201523,-0.8930304478673404,-1.2704833291477025,-0.2795127203300933,0.0640789855574071,1
2020-04-24,7550.90087890625,0.527875857132712,0.48318197131376517,0.47499905051326213,-0.4985686734553304,-0.20440952952246005,0.9276849669792812,-1.3622339905203937,1.9598053883412851,-0.363765220138252,1.355826360551613,-0.46390155581307485,-0.19844079417210125,1.2258213460528344,-0.3164652900993549,-1.1975601300696535,2.189999445786434,-0.6518520082660394,1.2374697051800672,-0.5441442381676784,-1.1120172742346819,0.3696392635460446,0.1740011879015108,1
2020-05-01,8864.7666015625,1.6646197530257114,1.4822109983881142,1.1165640408049315,1.0182191127334532,0.9833265536360873,1.2973253315197746,-0.23030260132869323,2.2784533589029565,0.4199121207056389,1.663520691164657,-0.027065040198334167,-0.16891363036782192,-0.9491930852908937,-0.2687608914042848,-1.1536654916444817,2.4148367053137307,0.21796687843608376,-0.8857473338689372,0.389800473606933,-0.6131426569159131,1.2253396059282262,0.1103130469210702,1
2020-05-08,9842.666015625,1.0059984376188877,1.8451794859800446,1.61930959247161,0.005267225445434968,0.34896074012584005,1.1520023683146137,-0.425404809684683,-0.9933300407635108,0.9999401599198436,1.7538730503504452,-0.011183466306986235,-0.12745243663353167,0.13652929784760953,1.5935731552873924,-1.1154962804063226,0.7713813776256725,0.16778465529057254,-1.2730917594007383,-2.42008458268513,0.008983336446316156,1.5351621436872922,-0.0522692479032909,0
2020-05-15,9328.197265625,-0.6753218714786314,0.16517053033326787,1.1079693651863773,0.35992827749341777,0.16659157858897441,0.24655849545737205,0.3324430683821984,-0.6196538782962411,0.7286581147506738,1.742694356940762,-0.22834790623557366,-0.10484709562497416,1.0353923222436583,-0.32653814610648085,-1.1555739863323564,1.469091553441273,-0.5180339097396013,1.1298785919126402,1.1009945071839624,-0.032100455568170684,-0.13197817854006208,-0.0156107458966503,0
2020-05-22,9182.5771484375,-0.2962234955365191,-0.6328813210690554,0.6853223674072051,-0.3083128008327458,-1.2731754554776544,-0.7420305278932054,0.5638327359502153,-0.49428810589632916,0.6170024601430958,1.608040462312857,-0.3865019221131238,-0.09041798060590461,-0.28576078131706806,0.7435551721074227,-1.139352037430172,0.8035010833730214,-0.02457870555614765,-0.26528153280479366,-0.9493899659525212,0.061805354750656336,0.20735126757700995,0.0279384393784978,1
2020-05-29,9439.1240234375,0.15413384335365587,-0.10489679015395183,0.035771418490966767,-0.5944946182823709,-0.7986472144268584,0.5770565046429478,-0.23004826525263256,-0.4859231505914587,0.7441134270598749,1.5955026422596916,-0.18267673170318804,-0.075085515445333,-0.15733226647132298,0.36850057976931694,-1.14794012133408,0.6875135217814294,-0.2420336764877334,-0.5522039375605375,-0.12279513279258591,-0.1318753790319245,-0.5155679871941438,0.0239862490550311,1
2020-06-05,9665.533203125,0.11326286251627875,0.16729039559253,-0.319647915135375,-0.6496457670419211,-0.33737316983871424,-0.1732915215231238,-0.9405945439863803,-0.4917086680954978,0.6417836598881418,-1.0336347452139534,0.1373448960840254,-0.05978008932892402,-1.5774412366139865,0.6987447430061278,-0.90365695327874,0.15397046617844493,1.9743322257262061,-2.531957037936826,-0.7507925625442138,0.27309342796801733,0.9892843390641765,-0.0191080460067415,0
2020-06-12,9480.84375,-0.33239029776094103,-0.15486072767097936,-0.17213337460502381,-0.8409376024577719,-0.938785186933896,-0.4564534476741638,-1.2184987672017238,-0.39030404961511317,0.37461289910945234,-1.0625318039949934,-0.02626571395188887,-0.05230990892808011,1.4022559473525922,-0.5911141005011468,-1.0992743315041384,2.218550219705839,-1.8813080006251808,2.3708101940409274,3.156746602222327,0.2554860885332372,-0.07296436182404974,-0.0203384002940139,0
2020-06-19,9288.0185546875,-0.3451138212713641,-0.44560075113639963,-0.1930891916028951,-0.9404899230238225,-0.7952602797198646,-0.346508711044977,-1.1892802727655016,-0.33690801978163043,0.1413286274983881,-0.9897147087010704,1.4640473121758075,-0.051214774411704515,0.3711218695171683,0.9480838521408385,-1.101182769315402,2.045460769923364,-0.1834879156553401,0.18303301444177875,-0.2086755475689295,-0.2492576419304579,-1.297501058681309,-0.0134690284263443,0
2020-06-26,9162.91796875,-0.27407524696452956,-0.40865896633236226,-0.3680120346770868,-0.9352868517829542,-0.5913178110548765,-0.5575866582409308,-1.3083496810430333,-1.0858464699165975,-0.029362551422202256,-0.9475415076671259,1.261908910822728,-0.05386825565933747,0.7046027150507571,-0.6080154810350472,-1.1593909188314944,1.9758683010388227,-0.6769436183509058,1.1764995834652958,-0.05301758372189526,-0.15535183161163119,0.2073512675770092,-0.0082522028539796,0
2020-07-03,9087.3037109375,-0.22012623121646424,-0.3289258480502559,-0.4992195263390195,-1.281758689915055,-0.692334736630832,-0.20987433968894562,-1.6489812681380664,-1.7527710224900606,-0.15985561141589905,-0.9203076428893782,1.1468762023931385,-0.05850881961939042,0.06796341445983684,1.3794532293970456,-1.1279012399327577,0.7178487616148058,0.1092398914824017,-0.4446073517034226,-1.8403947262812617,-0.12013715274207147,0.059816725786977644,0.0210737873787034,1
2020-07-10,9278.8076171875,0.08314407884941025,-0.09984049554995057,-0.33387330474781723,-1.099608003552312,-0.02097731401304056,-0.03958743838333436,-1.369919424491014,-1.88467397414501,-0.15611725037707744,-0.9217370725348918,1.1296315721677872,-0.05968934757333616,0.6006643963398968,1.2859535314160229,-1.1622535755483896,0.6482562927302646,-0.46785218510620136,1.1334631381583251,-0.05301758372189526,-0.13774449217685103,-0.07296436182404827,-0.0137318332612569,0
2020-07-17,9151.392578125,-0.2767930035735436,-0.1372555804192597,-0.3055384223411195,-1.430175427335172,-0.20816494931125712,-0.23528885868484625,-1.4050228996425458,-1.8898048519879418,-0.2794258362681466,-0.9364611823173766,1.0029833150408207,-0.06407218950336979,0.21151941965572493,-0.6313272433783478,-1.1670247269531595,0.36096374727016867,-0.2085790272280961,0.31214782295237914,-0.38043535335241735,-0.08492247387251056,0.10407708832398872,0.0421247363949262,1
2020-07-24,9536.892578125,0.3008392968003414,0.0015813603938629706,-0.06716603506771203,-1.046972473104881,-0.12595911889375336,0.27375626958574434,-1.195585050290923,-1.8028889151243948,-0.12494645922043204,-1.6490729979671757,1.0432496044581325,-0.0613822770317481,2.471346695640228,-0.5606488724876378,-1.204239776162298,0.38951452118957386,-0.49294329667895653,1.2123669362808969,0.09458843538771476,0.10288914676514317,0.4434065344410592,0.1873329498172087,1
2020-07-31,11323.466796875,1.8024881604628853,1.402761763751168,0.8140536781186403,0.37892944638832793,2.4625477093285726,1.012244026285058,0.17760352920009786,-0.5083330371836147,0.6413943419877309,-1.0290799301573403,1.3104871801131535,-0.027144861693927904,1.828968823227564,1.0856425121207167,-1.2548140038035032,0.1432636706946139,-0.6100338213195208,0.602654773953808,-0.31870923713455124,0.8952194213302465,1.9630123148783831,0.0245513025614843,1
2020-08-07,11601.47265625,0.1191062782286284,1.2632317968886915,0.8322730226345133,-0.6252831438431744,-0.253941299055427,0.0875408837061482,0.1669454126594041,-0.5632859720730158,0.6649419700565594,-1.146903090725476,1.1138925756273526,0.0033846483573153905,1.39412437422624,0.5261903282793029,-1.230004027874022,-0.25823197044310287,0.050693632137897925,-0.250932402642678,-0.5521951591359053,1.2884500020403347,0.9597774307061697,0.0144290679692131,1
2020-08-14,11768.87109375,0.014428714095212354,0.0786179796829405,0.9855401284819388,-0.7135798893617536,-0.1273865069597421,0.05877014168085678,0.012121506145842445,-0.6302375443254647,0.6247528421089013,-1.1809342881710625,0.899090754843701,0.028605719692836956,-2.244430545971776,-0.03832716677492498,-1.0897320286945986,-0.28678274436250806,1.0626951520775636,-2.252214670851828,0.008708532495970879,1.3647484729243817,0.16309090504000107,-0.0149871499596226,0
2020-08-21,11592.4892578125,-0.28977467209773056,-0.18959493969140645,0.682966625936541,-0.8757653173503658,-0.060836876642660596,-0.6228730310284559,0.23818065021231372,-0.6260442211941778,0.4553660946436788,-1.1494408376029643,1.1724909191185193,0.042991706695771785,-0.20539376564644954,0.9551523915168818,-1.1555739863323564,-0.19934561633824852,-0.74385241835807,1.2338851589343822,0.18315266111499925,1.458654283243209,0.20735126757701067,-0.0043122108376172,0
2020-08-28,11542.5,-0.17938139733434585,-0.31304163210977837,-0.15934272290362775,-1.0631282812903078,-0.5079988291472722,-0.060851658901419005,-1.3780228204158154,-0.6350906442450527,0.356970711927858,-1.1382290607241974,1.2577652200726461,0.05107353774198157,0.5870737715052983,1.019354673613492,-1.0706474230755192,-0.12440009006386392,0.5776034855809897,-1.6711952962592822,0.1643654725738077,1.2825808888954082,-0.4713076246571349,-0.0892949121453324,0
2020-09-04,10511.8134765625,-1.0582172003655899,-0.8078029116626126,-0.6456175973925495,0.54224456308916,0.6347717966326193,-1.4247487644771424,-0.7693572108928752,-0.27518143072793844,-0.12159565010369666,-0.9065911019882711,0.4074904091196935,0.03589935316558821,-0.814884920848851,-1.0318407949836552,-1.0782812311971843,1.2656672041774921,-0.23366964028874088,0.7317750550540965,2.1422896094578534,1.1299839471273143,-0.412293807941121,-0.010549886349036,0
2020-09-11,10400.9150390625,-0.2438873789373146,-0.8457902514954422,-0.7414017290817636,-0.9340681679096025,2.2692739253490934,0.16363078297595335,-0.892232472571886,-0.28010471620906235,-0.20797767820662202,-0.9185049528788666,0.2493207214101401,0.019770426050875332,0.15935237199000804,-1.5027268082556784,-1.1279012399327577,0.573310426103808,-0.6016702836326394,0.7748060277713792,-0.9896461064474504,-0.19056651048119122,-3.3482311895627457,0.0522714488480722,1
2020-09-18,10944.5859375,0.4057699950444337,0.09089204419921995,-0.48233053020208067,-0.7282961659446202,-0.6853177415611318,0.35594949212494853,-0.4892868883940257,-0.2658215551968579,-0.044005736720079694,-0.9020226591853706,0.5672183745435152,0.015241458496154362,0.1418201103785155,-0.5114139054115459,-1.1040454829089084,0.3877300552756014,0.042330094451015765,-0.17561315076579107,-0.2274617123409246,-0.04970779500295084,0.3253789010090346,-0.0230131264959058,0
2020-09-25,10692.716796875,-0.37277409934392014,0.0031925496014473757,-0.5584575444396608,-0.6318294417305192,-0.5876027775341228,-0.041118343838495164,-0.4931775147627706,-1.311335154704096,-0.20393185164224734,-0.8805403769600568,0.5320050542956886,0.005068493432451134,-2.332219232093183,0.4123748580292757,-1.1374435996189085,0.48587329807954843,-0.45948864741932005,0.70666134097555,0.1992545030514538,0.008983336446316156,0.11883054250299144,-0.0109179163460233,0
2020-10-02,10575.974609375,-0.24769330570787912,-0.4096372716718735,-0.21618228844373394,-1.1127170794545704,2.3370463208111745,-0.3597434203279493,-1.0215188869074092,-1.364864642343496,-0.2950795079800062,-0.8673275541405919,0.5369421921730906,-0.006899347649483577,0.9699383062829217,0.18908534821340045,-1.1021370450976449,0.7089264320449467,0.1426940422299278,-0.6992469498892504,0.38711717454059175,0.008983336446316156,-0.028703999287040118,0.0461880267757532,1
2020-10-09,11064.4580078125,0.34285920214381904,0.048065990469637186,0.031502127110744745,-1.0682189811922762,-0.0742725156936228,0.5720017539133226,-0.9208297535724262,-1.2464807848306976,-0.16226281074513793,-0.864866673228455,0.7335299182555574,-0.008889851452593404,0.650518983737125,1.1314855971753173,-1.0267527846503472,0.23962278793666053,0.4939671116879525,-0.8032589895006805,-0.6541774158487015,-0.032100455568170684,-0.13197817854006208,0.0232876331475582,1
2020-10-16,11322.123046875,0.10603823135480017,0.28736706973749343,-0.09429271703120455,-1.0272843531647067,-2.253114827229864,-0.2397110181184492,-1.0738920447593994,-1.2170435234113237,-0.11987922241169156,-0.8782800251313336,0.7520412417913039,-0.0073300761300227335,-0.8369250030275053,0.17929727387312647,-1.0563339119845983,0.6696692029937825,-0.4260334996475715,0.6170039041159237,0.698432078465463,0.3728683514317706,0.9892843390641753,0.1421479000856833,1
2020-10-23,12931.5390625,1.3352137757381115,0.9440046462221009,0.6565065713858241,0.12730739475467096,0.7262556018908116,0.9790639090116219,-0.3251936111920097,-0.5785905864722353,0.45380229127285593,-1.2142320270830926,1.1650073232272553,0.0221137098834252,0.030994914168009428,-0.5063153172838736,-0.9637734837294849,0.694651045085244,0.6445127841002644,-1.0614886065218814,0.08922081348583112,0.6839313481128857,0.7532290722001272,0.0475568604375082,1
2020-10-30,13546.5224609375,0.3570147892437015,1.1293649083951267,0.963461677327235,-0.7931986378691338,0.6806435149806406,0.28932475353401027,-0.6092835794509711,-0.9898095607856386,0.6183688657649316,-1.1863411473068322,1.2012963999581812,0.054588389302748085,-0.7517605789629728,-1.7318834014580695,-0.9456430970160371,2.5629443130047456,-0.007851630182384174,-0.007046443193904839,2.8615345640031062,1.0712928156780475,0.945023976527167,0.1490683977574676,1
2020-11-06,15565.880859375,1.406781059846157,1.1778438659583916,1.5042243064780623,0.4349698621092576,-0.1757524628907045,1.6173540412233063,-0.35177051012602695,-0.7069996371544688,1.2324285442369582,-0.7873248468065146,1.2359019535993476,0.11516578381458488,1.9300464229835164,2.6935709219344184,-0.9838123651308073,0.21464094584519838,-0.5013068343658387,0.8106733805869801,-3.4801658497310184,1.2297588705910676,0.3696392635460435,0.0483061473467547,1
2020-11-13,16317.80859375,0.3647634269364958,1.1836013450060652,1.6518914311723967,-0.15238884329113642,-0.37307110732073123,0.8626473461103492,-0.5275725470202205,-0.7063047925529613,1.3152487770634096,-0.8196557217549729,1.3002751904667718,0.17351737046090812,-1.7201881901150682,-0.48904145587891373,-0.9141534749939114,-0.0994179076203303,0.44378538705455167,-0.29755886678502175,-0.42069149384734655,1.7521099404895435,1.2843534226442397,0.14116514764472,1
2020-11-20,18621.314453125,1.3250507894203716,1.128198483124902,1.6465675025721056,0.3260709434378085,0.45566323123435887,1.430556808449471,-0.5333388773144786,-0.7482209627560998,1.8354309533758562,-0.6251207727105609,1.5170826038885232,0.25829382586692207,-0.48216102021769724,-0.17121292316358766,-0.9752242812268993,0.007647664753475248,-0.7020342314115505,1.3522353835285519,0.21267355780616204,1.816670185083737,0.13358399668199417,-0.0812462575176107,0
2020-11-27,17108.40234375,-0.9749832510532165,0.13957182043819874,0.8864418986668506,0.521775738260984,1.2241490529014796,-1.2779567965832674,0.5921775023338752,-0.2886627458633499,1.0694453855882962,-0.6677057981395381,1.0459316164806651,0.2918851111307352,-2.3260997022671104,0.7765246853101864,-0.9628192648238532,-0.5026980146720189,-0.058033354815784984,-0.3119025243574493,-0.7159040439511664,1.892968655967784,0.16309090504000107,0.0930164751375135,1
2020-12-04,18699.765625,0.8271285462271252,-0.15624426070427222,0.6219558675640176,0.256630255935272,-0.8536143331430832,-0.15798712834809261,0.33353261144532326,-0.2836329256317695,1.2889150869486536,-0.69699254270004,1.2166802155551282,0.3426794673000774,1.2927674848528201,0.5382296456872244,-0.8416319281401204,-0.511620003889806,0.8954219057793771,-1.6496770736057969,0.038229941071732366,1.8870995428228576,-0.043457453466042836,-0.0342710887920554,0
2020-12-11,18058.904296875,-0.489196620430972,0.18710285010380223,0.21568924435680914,-0.4822075427946596,-1.1815416676677577,-0.7109276123597323,0.5333102829967337,-0.08195110528516163,0.8564926392437535,-0.5567677515283619,1.332611769118647,0.36489067342328446,-0.01528716620086137,-0.47468561003391607,-0.9141534749939114,-0.06194514448313801,-0.8023976806783514,1.4311446542408117,0.7279529751566256,1.9516597874170505,0.1335839966819927,0.2812494355764376,1
2020-12-18,23137.9609375,2.7737113495354966,1.4026988050552567,0.7989287888167192,1.3434279446790176,1.0718807044806968,1.9412012516723969,1.798862018554359,0.6942271633676969,1.9224014766816855,0.19052663474864096,1.6472095740349162,0.4707504973938962,1.08667684418103,0.7009463825667849,-0.8616707526648316,-0.37243506612072363,0.2932397146422397,-0.7243551913781088,-0.41532387194546383,1.9516597874170505,-0.028703999287040118,0.0659880999129203,1
2020-12-25,24664.791015625,0.5476186756344534,2.261704837055873,1.6538011308321614,-0.42884822521730304,0.7270789962099424,0.8713483618577716,1.1311392758303698,0.6780597534897838,1.8656990922116645,0.0806862854148755,1.6839412466068746,0.5749279005093956,-0.09054693113001872,-0.16288222129138544,-0.8807554151605222,-0.3795725894245389,-0.3340340865797624,0.495058188096693,0.04091375202267419,1.9047068822576372,-0.14673163271906478,0.1909345724900586,1
2021-01-01,29374.15234375,1.839733798754007,1.6179063899358885,2.2082745297840902,0.4601408369404318,0.5827112910433734,1.2383365838024982,1.2813823600158956,0.8001732690447805,2.4559100022722475,0.23926342253902141,1.8650642155593447,0.735742445282589,0.5082662962004217,0.29031494828462334,-0.8912519368756938,-0.1618728532010562,-0.2587607518614969,0.30856327670669426,0.37906574168776624,1.9575289005619783,0.1040770883239902,0.3888948657162048,1
2021-01-08,40797.609375,3.8869103486703644,4.189506218306777,5.163299389327599,2.3962620100583942,2.349415525297371,3.181211270112137,1.2462147666496184,1.8812109118130858,4.0352178403953145,1.2115667843308584,2.040006591369756,1.0638693928748124,-1.4802526015484894,0.3909980501383854,-0.7118564506758686,-0.3742195320346955,1.4056046838487062,-2.1481971586507096,-0.26771785283585375,1.9927435794315373,0.05981672578697618,-0.0973645821005902,0
2021-01-15,36825.3671875,-1.1416684765217437,1.511873033437539,2.2972557839685077,2.031420382804814,-0.12429748738110545,-0.08444199601449943,2.7494340770068764,2.418349070604698,2.514551928979343,1.668423551023034,1.5518026519433397,1.2332366524651337,-0.7060338604033971,-0.7883630579239365,-0.7194903156741448,0.12185076043109605,-0.2336701388008513,0.33008149936017966,0.7977310361119159,1.74037171419969,-0.6631025289841745,-0.1037221285344447,0
2021-01-22,33005.76171875,-1.20741408521067,-1.4615732755815114,1.2094430543182797,1.703127335198612,-0.9452240529862057,-1.0164921818970356,3.504832685462076,2.515171958493885,1.3547050256849542,2.036367342716333,1.1659774967992182,1.279125950281725,0.7490776072312075,1.189121423051918,-0.7252157428611575,-0.3117645864539696,-0.21694306342708866,0.17227390311503607,-0.6005027324836609,1.1828059654316543,-1.4302821462923379,0.0397089760014675,1
2021-01-29,34316.38671875,0.2758570746228074,-0.640021950075513,0.47994154295165653,1.6189379970221744,0.2729287706016588,0.7835843554193586,3.3181800552946714,2.548696071830294,1.218193392140632,2.01069496826848,1.1574189606011585,1.3230878012620269,-0.43792961315353857,-1.1151043225598063,-0.7233071912966718,1.6832226981888834,-0.15003276788359232,0.19379212576852145,3.052080534558588,1.0889001551128277,-0.26475926615108947,0.1115479291678596,1
2021-02-05,38144.30859375,1.0187687863405241,0.8566746116371701,-0.5215947322627289,0.36885557461036017,-0.5006766718339007,1.4201561851760973,0.5613001198615158,2.3453338498673797,1.442338897461561,2.010166859865061,1.2434217346301748,1.411818673846062,-0.8806364953920635,1.4867461383740896,-0.6498314824138601,-0.4973446169301034,0.4772390392899673,-1.2730917594007383,-3.227893251073071,1.3647484729243817,0.6647083471261066,0.2453981554219004,1
2021-02-12,47504.8515625,2.402960736769903,2.385570736608572,1.0026430999442277,1.2919898816204385,1.3587131814940923,1.3582874775793403,1.4348885162232945,2.214979189222652,2.321617691636206,2.220410673955775,1.3999135936621838,1.6374291290767131,0.19570685453809994,0.3460218063211848,-0.6212044602320185,-0.6579431456668484,0.0841492784217569,-0.179203169601164,-0.1898893827969363,1.8284084113735906,1.1368188808542081,0.1764721070430142,1
2021-02-19,55888.1328125,1.69017239108655,2.926266563256831,2.733989125918081,0.4841287296089636,-0.7358514960600604,2.302429148666387,0.16851120381925813,2.238826766996839,2.7533846619929716,1.9499320109356457,1.5216284956481676,1.949549446181482,-1.1490725623998441,-0.5984191247056593,-0.48284095574046976,-0.28678274436250806,1.045967578191689,-1.2264652952583945,0.6098683646227779,1.9986126925764651,0.3991461719040518,-0.1708479173169729,0
2021-02-26,46339.76171875,-1.901585317485246,-0.3484229146935267,1.2617987175847158,2.0800931343739255,2.5173298373491253,-1.3859931448932596,2.2534247113825483,2.9237559917069755,1.1071945380048316,2.6350220137415827,0.9039676148136869,1.992658835751627,-1.6306367394981833,-1.643433961923279,-0.3731043596775401,0.7660283202358291,0.795058456512578,0.09695465123814914,1.6350611130756165,1.5642983198518894,-1.1204596085332734,0.0558385039710513,1
2021-03-05,48927.3046875,0.4426581582261264,-1.0172915568000396,0.9712431516694864,0.6786862788912477,-2.500627585014027,0.24882242574551725,2.2533926293874913,1.603176046212319,1.0208199752245715,2.50238030389449,1.0371815556344595,2.050040838031928,-0.8946800357828099,-0.6356474769064269,-0.2834066450159332,0.17895230826990646,0.6194216725275067,-1.35916465001468,-0.8313053554186718,0.8952194213302465,-1.710597775693398,0.1717810782738102,1
2021-03-12,57332.08984375,1.6416608237677108,1.4018425761131477,0.645730127615562,0.6660870061265698,-0.204232152260899,1.1880850682864024,1.8116715045915754,1.5162889221396687,1.5281180221827702,2.2395138043379967,1.1569370856725743,2.2260557256888838,0.6776921728612253,0.5440075979656773,-0.2061139467573723,-0.5294643226774522,0.510694187061715,-0.8714036762965096,-1.0137998931213283,1.2473662100258478,0.8565032514531478,0.0176962413678802,1
2021-03-19,58346.65234375,0.04821569560175627,1.10296641722423,-0.05353059459823503,0.030700870730804186,0.5139135529365936,0.057597021759078305,1.3633626569417845,1.1020483808679207,1.2386240432051547,2.280378799172236,1.2051247373124094,2.3556747330423327,0.4800463794969369,-0.33502955637631626,-0.11355351850225884,-0.4830692299704008,0.6445127841002644,-0.3190770894385071,0.12142603301253442,1.1710677391418012,-0.22049890361407984,-0.0550046954680816,0
2021-03-26,55137.3125,-0.7036100903780048,-0.44041163055707205,0.5726639034315796,0.3772848070071687,0.058408325569460205,-0.0732990726734263,0.3150517267194691,1.3371930165526291,0.6619054517348353,2.3134643127788985,0.9588962544315893,2.368971775589744,-0.37295487184916176,0.1593003221864563,-0.18225818973352292,-0.8560140971887129,-0.7689435299308253,0.8357816220758385,-0.5092552076900342,0.8776120818954662,-0.766376708237198,0.0770258797071401,1
2021-04-02,59384.3125,0.6617642125480293,-0.0654906950613681,0.6751695862902558,-0.4540685306935187,-0.29025147931362305,0.39374642650924696,0.3415080605904888,1.309632709563669,0.8820701761179212,1.1530091891095327,1.0087438115921952,2.4295465348202114,-0.14548873272904547,0.6985887520359197,-0.16412774614346398,-1.1290312556891056,-0.007851131670272932,0.4556062890354071,-0.3589653776294805,1.135853060272241,0.6204479845890984,-0.0191853461930707,0
2021-04-09,58245.00390625,-0.3331896859926837,0.1924870077758846,-0.17402545519391818,-0.7622617578512945,0.11433514341435283,-0.0341627388518264,-0.5295646279445375,0.7678332198379442,0.5834650521898082,0.9645913876614797,0.8646158045601668,2.426375607556063,0.33559163319015906,1.0438439886738684,-0.17653276254651012,-1.2432343513667266,-0.2754883257473699,0.15075568046155066,-0.12011132184164504,1.1417221734171674,-0.013950545108037404,0.0571342593024173,1
2021-04-16,61572.7890625,0.4560580167814542,0.06202157804080857,-0.005006937617883471,-0.3338949662816232,0.28305094657708374,-0.13258059285358573,-0.3962005860289037,0.3648073144218199,0.6274586617191104,0.6544315185714193,0.6773865805913956,2.456311732002022,0.8837476049824736,0.3212676900966163,-0.2652763151790966,-1.321749149821127,-0.9445803139158931,0.7783960466067521,-0.06643663847660443,1.2473662100258478,0.2368581759350161,-0.1701910353307701,0
2021-04-23,51093.65234375,-1.8947922713834162,-1.0054634623852234,-0.5572378117332412,1.9694440277955148,0.5203685032357758,-1.5430248786235405,0.7004058729380815,0.3599920617745834,-0.3730298106291723,1.2506701070888313,0.37613043644688093,2.2552647132141495,-0.0497857285864172,-0.34158365857949097,-0.27100162861288707,-1.1290312556891056,-0.21694206640286617,0.4376780852172947,0.341493412143778,1.0654237025331204,-0.4860610788361376,0.130280830047458,1
2021-04-30,57750.17578125,1.2124922586977382,-0.5995715170530581,-0.36052544100973305,0.6281201719700696,-1.4970560867548814,1.6526484370940393,1.0604026564710765,0.5613042988090079,0.03356294832062554,1.2842643159962153,0.7091044402609773,2.1939792125150523,-0.2885277792572688,-0.2408519970831955,-0.20993082237989927,-0.9006247239817926,0.3685125508483957,-0.35852898849979303,0.39516860739341636,-0.03796956871309779,-2.80235338493963,-0.0068185669077711,0
2021-05-07,57356.40234375,-0.2053005010542927,0.6352482504266396,-0.30788400664977617,-0.41262838307046434,0.6355674321041005,0.17865475340323328,1.05045307392973,0.0832028757686856,-0.06559910737537149,0.7547816877079097,0.661583910104336,2.1118728831920506,1.7351981181892684,-0.45073093509699574,-0.26145932580334735,-1.2432343513667266,-0.6183978575185133,0.36235883334040775,-0.4636314452932184,0.7426224795621521,1.933505406520377,-0.130340587659167,0
2021-05-14,49880.53515625,-1.4826848702098983,-1.095671906496563,-1.0576272433791718,1.4651124001705391,0.7895050781430674,-1.6231023297541136,1.2151530603095464,0.39183790519685574,-0.6187149767609429,0.6432457058712379,0.25759718418039085,1.882779723364564,0.2574785741791735,-0.8151914436854785,-0.2061139467573723,-0.8649364267585715,0.3183303277028845,-0.6203431517666786,0.6206030965419457,0.4961197274752311,-0.6483490748051719,-0.2521192627666556,0
2021-05-21,37304.69140625,-2.7420406930219756,-2.5222196866770523,-1.4010066036155888,5.095269353868486,0.41950005620151776,-2.07093428952003,1.8441479765097017,1.2341077053330791,-1.5771258009553397,1.0627269806506197,-0.44015327661962034,1.4463614112990346,0.9106212413081016,-0.05758085578002505,-0.20897666035087847,-0.6258234399194983,-0.19185195185433096,0.36235883334040775,0.4112709612144705,-0.9711585587564413,-3.7170675440378234,-0.0430799954890057,0
2021-05-28,35697.60546875,-0.5802926019862065,-2.085815564914621,-1.8817768476969485,1.67336455182189,-1.2269211946729641,-0.9359225359837626,0.6325014245001739,0.9975024359653687,-1.647076598466324,1.0131083420286884,-0.8094782935002117,1.0563199092107458,0.6035479445368197,0.5199286622727096,-0.2576424501808204,-1.2307434303209956,-0.5933067459457597,0.426918973890552,-0.8581424411588937,-1.088540821654975,-0.3237730828671029,0.0335260801259538,1
2021-06-04,36894.40625,0.21191758837206448,-0.25796317102873084,-1.7739766454075048,0.3145179019288175,-1.6853548185259064,0.03532202170155864,0.930129911175522,1.0941245287352457,-1.4484054698957254,0.5625297714580122,-0.4857813196890441,0.7591643860468279,-0.40882933640867847,0.03540961234129228,-0.2776813315821428,-1.2914139099877497,-0.34239762426664455,0.674384006995322,-0.03959904085178478,-1.0181114639158548,0.14833745086099762,0.0119257153650493,1
2021-06-11,37334.3984375,-0.011459329733666484,0.12219782963341329,-1.3222164735589854,0.7226997722898497,0.29512217663438567,0.8959432139960818,1.1035865718248574,0.9725117988603724,-1.2995022426018554,0.5554175077144711,-0.5836825038224003,0.524105033423608,-0.4679675109290657,0.3893355612015207,-0.37119592186627703,-1.4288147221949328,-0.9863975038381918,1.0151074409744674,-0.15500035231929069,-1.1061481610897552,-0.2500058119720871,-0.0414403983591706,0
2021-06-18,35787.24609375,-0.5633369552713668,-0.385089579696526,-0.41701938641287595,0.5962298869108827,-0.16528584334526075,-1.4193989753357408,-0.9223181501553855,0.7118903057375279,-1.3302582447303983,0.5486576196067751,-1.0854502022005426,0.3034472183761224,-3.1581434627264207,0.007596262363457701,-0.38264666248708007,-0.5276798567634804,-0.2671242895483757,1.3773436250174103,1.406942301091548,-0.6600955620753266,1.0925585183171982,-0.115948200820059,0
2021-06-25,31637.779296875,-1.3338481699091569,-1.2047603116646175,-0.7306393792249108,1.3076714432414673,0.18656351260486354,-1.1294650923146958,-0.3049283113385449,0.14922687283855854,-1.5624860230337565,0.45213700416169167,-1.2521623111929143,0.04822723706668787,0.44124035327288197,0.48312928407878136,-0.30058281282374927,-1.4341679497608117,0.5525123740082345,-1.1834288499514238,-1.3116965101183882,-1.0181114639158548,-0.9286647042062315,0.0714104348767663,1
2021-07-02,33897.046875,0.6036929357947781,-0.5376144094717634,-0.5911690474511455,0.6481071976423988,-0.7275635359856035,-0.13892144553054153,-0.016791049274987233,0.44807545003899835,-1.1970469922087976,0.6210473679947907,-1.0357808402633464,-0.11206633053789007,0.14640628514675438,0.6730707555958255,-0.40077710607713896,-1.5323113627407938,-1.0449437631826939,1.2374697051800672,-0.0959577911100661,-0.8479071827129807,0.3991461719040508,-0.0029216455526407,0
2021-07-09,33798.01171875,-0.1650010759267614,0.27217986896837687,-0.649042373748588,-0.31177991883956346,-1.3259802035143775,-0.23484821998582825,-0.05117546316366002,0.36792715886843785,-1.018810431181561,0.5104417861261232,-1.3080817795223956,-0.23998610038000276,0.5122590894691187,0.08359667313145037,-0.4723444909019093,-1.3342400708668576,-0.7940346415035796,0.6851485909117527,0.34954484499660293,-0.8537762958579075,-0.0434574534660432,-0.070313978112849,0
2021-07-16,31421.5390625,-0.8619287305237138,-0.6727776728797609,-0.7661108528675249,-0.33027316396197576,-0.8544535963773151,-0.955308177651017,0.02855642278755255,-0.7953059644746828,-1.1332690668956569,0.2776508772132879,-1.3372278914430094,-0.38340670748745687,-0.00546005031677826,-0.39773602311442313,-0.525781432136621,-0.9291754979011971,-0.6351249328922784,0.7532932777075818,0.6608597489214745,-0.9711585587564413,-0.3237730828671029,0.0687430273371894,1
2021-07-23,33581.55078125,0.576108342566005,-0.2272447883682432,0.021377616304878375,-0.1438548165232999,-0.14117994988128668,1.1373475599775742,-0.28503553949835053,-0.616466296868288,-0.7001079427927649,0.01816273887656195,-1.4177994361224573,-0.4530337860591031,-0.3172113168974155,0.7741974991238443,-0.5391406105686877,-1.1522286318665953,-0.28385136492214086,0.25476224748329274,-0.2838202066569061,-1.070933482220195,-0.2795127203300933,0.2577009069688911,1
2021-07-30,42235.546875,2.530187788498275,2.1170120248034565,0.8137074337330004,0.9175620077414933,2.085470484885305,1.9009048708190683,1.3456842742920185,0.732239715549383,0.468546707227361,1.1275573037449829,-0.5471589730303925,-0.3433711657854826,0.3110082467321593,-0.41012023073613113,-0.5839895247761024,-0.9666486013904615,-0.5598525951982312,0.5165818833398664,0.3307581683400106,-0.3138178865246517,1.8744915898043646,0.0137550752383859,1
2021-08-06,42816.5,0.007458719805563088,1.6545423501432786,0.9031767462190049,-0.014595548518758343,-0.5737643505612452,1.129035664729115,1.2933362183795238,0.7316276480846288,0.6216914549551729,0.9663268690985283,-0.9336512647319151,-0.24451430321446793,-1.5988092539495335,0.17165864483949317,-0.5353237349461609,-1.3395934686087732,0.2597850653826007,-0.4733001394379658,-0.5092552076900332,0.27309342796801733,1.4466414186132732,0.1162360378008477,1
2021-08-13,47793.3203125,1.067250155510602,0.6955393095444328,1.994505186187935,-0.3563212451566895,0.8712771321912467,1.054134675294954,0.5304064806174874,0.7583637065465009,1.0890806266890845,0.19048185501761822,-0.5945727062627643,-0.07355958352441253,0.46962018764728203,-0.05180609143646037,-0.528644031976905,-1.464503189594189,-0.10821458093707202,0.426918973890552,-0.1362139316049967,1.0302090236635606,1.8744915898043646,0.0323445924794996,1
2021-08-20,49339.17578125,0.1996994118659617,0.834298734574724,1.7721098696047404,-0.3662310031030232,-0.38224301153596785,1.1180723540693696,0.676732895720739,0.24158023185210561,1.0975748660042712,0.11270280250318475,-0.15315568403197052,0.0881746157390686,0.02879233493495029,-0.20314125363460453,-0.5639506433747801,-0.9095470535516511,-0.47621622130519387,0.8680589560560665,0.8862944940123023,1.1182457208374608,0.1925978133980065,-0.0056852958740871,0
2021-08-27,49058.66796875,-0.19358094938537787,-0.007372979874129713,0.451169349865288,-0.6860076913548931,-0.04873140494835409,0.07902239920128609,-0.5889997605746131,0.31368231851118084,0.9186882003756811,0.13183973507250724,0.7884205890406976,0.20690146247604105,0.9879117550546315,0.5630043606956039,-0.5143305777625954,-1.2967673077296653,0.2681491015815949,-0.24017329131593534,-0.5307251834129693,1.2767117757504816,0.3696392635460449,0.0197051218729742,1
2021-09-03,50025.375,0.06899023070973613,-0.09141395571807455,0.48043791493675936,-0.6216617509346921,0.03457566785536312,0.46085760145211596,-0.6080195434553108,0.27352984160491794,0.879199984507529,0.1288258687929646,1.0107430376058801,0.31375766125375026,0.19216730731018924,0.32637935907303167,-0.5047882749530557,-1.2931983759017216,-0.08312446638854017,-0.3083234507014525,0.05701610584372647,1.1828059654316543,-0.2647592661510909,-0.1027771374777301,0
2021-09-10,44883.91015625,-1.1976416025594305,-0.7534714101302687,-0.5037314998743231,0.9761358833201784,0.9000424625895438,-1.431269912841961,-0.42337690124240407,0.4495873539614193,0.22691854493537048,0.31045036061899534,0.43837659012303587,0.2965847113775347,-1.2055216549266397,-0.5058405135756494,-0.48665794511621907,-0.4830692299704008,-0.007852128694495444,0.22965947858412247,1.2700710139011062,0.7484915927070792,-1.1204596085332719,0.0531060989718179,1
2021-09-17,47267.51953125,0.4144014035601052,-0.5530713518081017,-0.4226476930415286,-0.4268743525055268,-1.0640869930639023,0.2606486930206401,-0.2944192143187218,0.442516747027372,0.3259284707734094,-0.012617458642725697,0.5383765659307259,0.3222756460846422,-1.0906139751215038,-0.33427055980625225,-0.4589851987166204,-0.5080514124139344,0.07578524222276434,0.426918973890552,0.014075642513255833,-0.15535183161163119,-2.300735942853523,-0.0936746750233564,0
2021-09-24,42839.75,-1.1035098583626264,-0.488969678775301,-0.7866078018848052,0.9377122586133559,0.466117065609753,-0.6336747192554243,-0.031008073394956842,-0.43849655941883764,-0.21116169067014284,0.20407457314779834,0.3128065642312812,0.25467754408561816,-0.20921599189848053,-0.15463461063233944,-0.3731043596775401,-1.054085389062649,0.5859675217799848,-0.6597950508279645,-0.7695787273162069,-0.3079487733797252,-0.41229380794112175,0.1231844585052432,1
2021-10-01,48116.94140625,1.1391062014538245,-0.0642460893020155,-0.40616735464756865,0.27082867978478087,-0.6888214674421669,2.1334062081011305,0.6827680568290097,-0.12011276438063304,0.19456323590620875,0.32053806961323306,0.8672335108041432,0.29511197221755897,0.332349653999188,-1.1706074063677487,-0.3549740298407037,-0.4563029219649674,-0.007852128694497097,-0.4087399988878216,0.9507046771234096,-0.8009542775535673,-1.2679941503233034,0.1215976344090734,1
2021-10-08,53967.84765625,1.12269629911644,1.552633191354292,0.6264937653027165,0.35305983292007476,0.2621332520956043,0.8508743006441801,0.4726692811090375,-0.09476507523016418,0.556608193842951,0.22536032836110234,0.9861791207099304,0.43038809481476076,-0.17488837541678665,-0.03295539690482433,-0.23474085518599155,-0.8720739500623867,0.8870588666046071,-1.0937659405021094,-0.5736651348588413,0.7074078006925923,3.762933724716766,0.1413082398815439,1
2021-10-15,61593.94921875,1.3265305562308114,1.6885659841607215,1.0588362210610192,0.1222878917116413,0.579525415735395,1.517079620668956,0.6859136737396672,0.19984575375357666,0.9995422407208718,0.3362999725356098,1.1917764484640756,0.6714180747565301,0.27192589958730706,0.5313313216960923,-0.26241360158559024,-1.3128271606033397,-0.40930692278591924,1.2805061504870379,-0.6112379762874283,1.1123766076925343,0.9892843390641765,-0.0146391586379318,0
2021-10-22,60692.265625,-0.2861759722689423,0.6487997612821989,1.546690244141405,-0.11475216680321734,-0.39173268101309655,-0.7147410640646774,-0.18039134215216265,0.21529842436335,0.7481525567522703,-0.3375782050137381,1.3017401792833083,0.8340809927322307,0.6772630365425317,0.3047966142320824,-0.1870293411382928,-1.468071951246097,0.4939671116879525,-0.17202860452010624,-0.18183743805951164,1.394094038649015,0.6794618013051092,0.0253030464909425,1
2021-10-29,62227.96484375,0.1268803248257949,-0.11558333088817112,1.016646107002778,-0.6166329903531593,-0.4472596026420617,0.3312984378500517,-0.11807429460714784,0.21325956057296147,0.7113038887416638,-0.34374796886238534,1.288711651179899,0.9787865453998693,-0.4006088302340013,0.8480009198441812,-0.28054393142242684,-1.319964683907155,-0.9863975038381902,1.427554635405439,0.27439967402402865,1.1182457208374608,-0.7221163457001869,-0.0177137250955863,0
2021-11-05,61125.67578125,-0.31797113811101013,-0.13666351856592915,0.32702030358276957,-0.8002684789285714,-0.25023285344911134,-0.3199676054439597,-0.1312600412186349,-0.15342858604162152,0.5076644368264525,-0.44425132231313347,0.9729790414402804,1.0587508862814294,0.8977003987846194,0.8553372310276288,-0.379784062646796,-1.280707454855991,-1.036580724007923,0.7281850362187235,0.1106907892087671,1.1886750785765807,0.14833745086099687,0.049574349670086,1
2021-11-12,64155.94140625,0.3778783502100605,0.022766285166625537,-0.06381330893673076,-0.03161297902032745,0.2705718386494497,-0.3169402622198544,-1.0549862009887816,-0.15499245356924382,0.6374739984859046,-0.4333412336606698,1.0477579194982005,1.163878000714571,1.3000631655939738,-0.40788488880910184,-0.25668817439857744,-1.3146112861652395,0.9121499781773623,-0.5557884838062225,0.0006576115277440671,1.264973549460628,0.16309090504000107,-0.0940889206663865,0
2021-11-19,58119.578125,-1.1077937172744106,-0.5132819669776351,-0.4243692081509076,0.5766859698634202,-0.20040438737475288,-1.0242745671247462,-0.3826396535100531,-0.15230226324554286,0.08086361669956818,-0.20586804350167232,0.4305859030529036,1.1190320528258786,-0.5952987187507656,0.5911489084996515,-0.30058281282374927,-1.0255346151432438,-0.5514885589992385,0.5201664295855514,0.4864156203024461,0.6780622349679589,-1.5040494171873535,-0.0782836463508827,0
2021-11-26,53569.765625,-0.9443458539863341,-1.2878361519266013,-0.8397221549952123,-0.21507887016837035,-0.28108941893129585,-1.3799090273933095,-0.3315636441851851,-0.0879375919031734,-0.3073773972202666,-0.06394070782500555,0.0900085873531178,0.9848221841282093,-1.7429862803280156,-1.0637402642533327,-0.3521113162471973,0.8855848136553655,-0.6183978575185133,0.9290290777708379,2.925944491171914,-0.10252981330729101,-1.990913405094457,0.0005316519200282,1
2021-12-03,53598.24609375,-0.12928932034829735,-0.7046311967408388,-0.7710745504195528,-0.17239606407497626,-0.19748194421353196,-1.065133619471629,-0.28266859927300175,-0.40150073388582064,-0.36097188093659943,-0.29423590392665167,0.1067346543538677,0.8672078899230695,-0.1312037303231162,-0.7330291848425349,-0.48474939355173324,1.2513918172177896,-1.3293070356093328,1.5208075636901264,0.6018169317699515,-0.5603206386115729,-1.1794734252492847,-0.1185662194082697,0
2021-12-10,47243.3046875,-1.3609220147377632,-0.9741483283743392,-1.3741375479405402,1.235824566047678,0.3064593908137927,-0.8911553381935033,-0.6370733445944613,-0.8044680012041355,-0.8614278011913097,-0.038084509297760284,-0.24960236619682763,0.6453100102707716,-0.07998742079010687,1.049910553043477,-0.345431727031164,-0.8863493370220894,1.05433061736646,-1.818243781177683,-3.1634833239042632,-0.8713836352926875,-0.8106370707742061,-0.0220382583973952,0
2021-12-17,46202.14453125,-0.362692647765888,-1.1071808626410755,-1.1226987651156557,-0.33781227839277905,-0.9087005617188127,-0.8088376301094284,-0.5815883077589417,-0.8109377106920297,-0.9616934044452503,-0.19362414738617678,-0.05790658486940353,0.4429857295826846,0.3033984861247522,-1.10135621123427,-0.42844985247673767,-0.37243506612072363,-0.894398090770382,0.8572998447293239,0.8245681218521368,-0.8302998432782006,0.07457017996598182,0.0999964574831611,1
2021-12-24,50822.1953125,0.8993109821286327,0.32216130708937224,-0.4625805158996738,-0.18244189474873163,-0.6184490438404658,0.9149076562161704,0.20478147496171564,-0.41058207965812277,-0.6155792813615412,-0.2772997849636425,0.04482399863374919,0.3635075418209589,0.28573553613825936,0.8209710206366113,-0.34161473765541484,-1.0166126259254566,0.5943315579789732,-0.677728727235765,-0.9171852583104156,-0.5192368465970859,0.7532290722001261,-0.088853894882603,0
2021-12-31,46306.4453125,-1.053656486781798,-0.16932082859692665,-0.8264508222361777,-0.05637435986402914,0.017252154025096174,-0.9860372911147814,0.3662611528289944,-0.31235906431637794,-0.9264949795666056,-0.41089009339434984,0.040399304369092136,0.21140711735209053,0.5273510607416568,-0.04428470726892814,-0.32348440781857807,-1.1486600403907237,-0.007852128694493761,0.03239998327769299,-0.14694891946646468,-0.4664148282927457,0.10407708832398799,-0.1025460481085162,0
2022-01-07,41557.90234375,-1.1952518266610426,-1.4033986338512454,-0.7590376439333172,0.343044376152232,1.9005816466659262,-1.4509851595092305,0.2667143586051664,-0.42871781613354676,-1.1996171806288551,-0.7986286374774675,-0.4349152629892812,-0.00018383466856633678,-1.0091108274922125,-1.4702657916475808,-0.0763384692931204,-0.8738584159763579,1.9994238358110734,-1.9760513774228265,0.4649461564641098,-0.9065983141622476,-1.1352130627122754,0.0370999686713464,1
2022-01-14,43099.69921875,0.24887641836219948,-0.647502701249297,-0.5306691135744993,-0.4215270740812348,-1.1471319793191828,0.19852338278014603,0.3963727518470989,-0.332754511395894,-0.9758004714850544,-0.7112462392918414,-0.686697237550359,-0.13907651890266745,0.5106718287478513,-0.10269207531674134,-0.07538430726409984,-0.7971280834359301,-0.15839780110680737,0.09337557758215234,0.16704979540934728,-1.0122423507709282,-0.2942661745090967,-0.1541166860303821,0
2022-01-21,36457.31640625,-1.728561809674985,-1.0051553659896488,-1.4558452449275427,1.0326978522876242,-1.0417776370195753,-2.332695536002879,0.016402935560599883,-0.047490632872157636,-1.4011672267135862,-0.4860006782206827,-1.4544326233597669,-0.3715195329633555,0.3559669413397499,-2.3489286677449184,-0.09924006428794921,0.9266265086205013,-0.37585177501417066,0.6994922484841803,2.6441504839382066,-0.9183365404521011,0.20735126757700995,0.0363991581336609,1
2022-01-28,37784.33203125,0.2416290917629957,-1.0091195099880594,-1.0324869759796833,0.15849537076435286,1.0935196067682376,0.7016930051094216,0.37885844763037485,0.04870172019594617,-1.152392622362949,-0.3881265557708973,-1.325407202979471,-0.5265089386177464,-1.2376489403426998,-0.10515698589954296,-0.06584200445456008,0.7142798297868621,0.12596646834405387,-0.028570138437078292,-0.26771785283585375,-1.1589701793940954,-0.6335956206261684,0.0983620132724905,1
2022-02-04,41500.875,0.8824086235510517,0.7406874358638733,-0.24827771534593493,-0.163490372557304,-1.5939372020781564,1.5397271708184164,0.643510389507018,0.19179990459148408,-0.6614872692451848,-0.19906293149049326,-1.1627499119973521,-0.5746433391044705,0.46475891738327935,0.41471432614825976,0.07538421363049527,-0.07800499735681309,1.0710586897644465,-1.32689278862414,-1.139936448392602,-0.8596454090028341,0.7237221638421196,0.0218564668817222,1
2022-02-11,42407.9375,0.09123804102014647,0.6338733252182508,-0.31129275775686216,-0.35719212715000964,1.1385907067435699,-0.5121277205793577,0.6158324473469856,0.20842901734897293,-0.45930237606096797,-0.23450121462643025,-1.0656772260460694,-0.5907207958160912,1.4092374992738956,-1.0315582619146701,0.09924008440756657,0.6607472137759948,0.04233109147523407,-0.12181759413207766,1.1627211352864262,0.020721562736169496,2.18431412756343,-0.0560499066359924,0
2022-02-18,40030.9765625,-0.7144189842111396,-0.4212641814105693,0.1784418998892039,-0.1443570404269245,-0.9301935597473875,-1.1686791773700131,-0.37292809321264786,-0.05076738388273725,-0.5904365223432574,-0.2702655473934751,-1.354438455906453,-0.6425277563932967,0.8927641962211341,-0.5939898244100537,0.07729276519498131,0.7303396826605365,-0.35912469964040217,0.14358111538049287,0.15631455160558186,-0.002754889843536892,-0.08771781600305172,-0.0204031448302242,0
2022-02-25,39214.21875,-0.3457833671388958,-0.6880193706193172,-0.07991903807932213,0.19270884932794033,0.9695706746507801,0.46669849999443347,-0.3084202634428843,-0.15632247828052004,-0.5621540287113405,-0.2789026461642659,-1.204622745022636,-0.6927435321670166,-0.22672739339794712,0.2594615448449096,0.1288211548652066,0.7017889087411313,0.2848751799311326,-0.3370107658463076,0.008708532495970879,-0.8302998432782006,-2.1089410385264826,-0.0019537117834331,0
2022-03-04,39137.60546875,-0.1549913346705677,-0.33365304914505745,-0.48686037066487925,0.8011920061142003,0.13992588490069383,-1.3027034318477848,-1.0475669250524593,-0.3637393706031141,-0.5055363403349403,-0.46251965217147983,-1.0440853687221303,-0.7273859374884708,1.9659636806969043,-0.8489759882182728,-0.12118738350053511,1.4851514063149467,-2.358035630922762,1.359415421199298,1.2298143615215773,-0.3901163574086989,1.0778050641381947,-0.0087545675928891,0
2022-03-11,38794.97265625,-0.22532136048324866,-0.25590993951238444,-0.6081438309126089,-0.03509771571616857,-0.35342589454769185,-0.3984762049096996,-1.2411410151641644,-0.4172423116035286,-0.481009034952748,-0.4641750596229109,-1.0601679652559302,-0.7543757658053848,0.32112973086339985,-1.2611939105254368,0.14599732267302262,1.2656672041774921,2.175059622771919,-1.7608582057085966,-0.2784525847550224,-0.9007292010173209,-1.312254512860313,0.077488998906813,1
2022-03-18,41801.15625,0.6665534899830922,0.2706812565628521,-0.0525421507093436,-0.37002638222100775,-0.21326483754044576,0.7735886505131542,-0.7893029588302158,-1.0395349611827263,-0.08146044909174115,-0.5527901844791596,-0.49978999587103384,-0.7128297686763039,-1.6379887764201109,2.389209836575975,0.2834066651355508,0.03798290458685229,1.0376045390169188,-0.3764626649075935,-1.7947709638844478,-0.8831218615825409,0.015556363249969124,0.0609450658138195,1
2022-03-25,44348.73046875,0.49546689822566875,0.7728870044567262,0.31973742042666753,-0.5024207334169031,0.07127608124300656,0.7106360179177542,-0.809501715538906,-0.9857966717523597,0.21211970701321492,-0.5930784154608392,-0.2460346573866238,-0.6265836257444866,0.7989357193478918,0.5559254753388361,0.6116622912953187,-0.5080514124139344,2.7103340109261143,-1.5635987104021671,-0.7695792392008056,-0.47228394143767255,1.0040377932431792,0.0435844282817072,1
2022-04-01,46281.64453125,0.3159344805466471,0.5323457970976855,0.5412705600594442,-0.6682637540787194,0.6211583959082561,-0.17813688980450665,-0.9482258356034984,-1.2212612630652184,0.3729559310468709,-0.805782377042572,-0.44810852969745846,-0.5177213836917417,-0.858996531738209,0.09405206582633736,0.5019256952323892,-0.7186136253336018,-1.1285801370757311,1.4849402108745253,-0.2650340418849119,0.3493918988520642,2.036779585773399,-0.0862972893293195,0
2022-04-08,42287.6640625,-1.0272177356020908,-0.4951940820833272,0.14412396304389993,-0.19973196453146141,-0.1869890822613062,-1.2872519256442754,-0.12412346539492627,-0.8825118220528854,-0.04722680096301835,-0.6448073791347538,-0.41515468381677245,-0.5025228573182923,0.48700379972953134,-1.1668277311315296,0.8225473426406589,-0.44559646683320847,2.6434237153826214,-2.453055976109093,0.46226234551316703,0.061805354750656336,-0.7516232540581937,-0.0410095770763525,0
2022-04-15,40553.46484375,-0.5588816818778154,-1.0120658868729642,-0.37052962508462434,-0.4889920624471907,-0.8774221396624536,-0.22403114573468758,-0.23393917150209875,-0.9365267423649223,-0.2692942585313573,-1.1861698914850904,-0.2030327300375576,-0.5188862020139637,0.647276674225528,-1.0350772319059707,0.9322839387035879,-0.1707948424188433,0.795058456512573,-1.4165529617786154,0.46494615646410886,-0.7187866935245936,-1.990913405094457,-0.0200511728007211,0
2022-04-22,39740.3203125,-0.34214350141995553,-0.5872379830021998,-0.6885010532079432,-0.40063249107884685,0.24331727624860203,-0.5469006174683907,-0.5825362836093524,-0.9371173258329303,-0.37245609686103126,-1.1867068575856106,-0.39744430318017293,-0.5426746363127549,-1.0895527977143307,-1.2688826028907245,1.0067138096154202,0.8124230725908085,0.48560207846473735,-0.12182033042692678,1.530394021642681,-0.7422631461043002,-0.08771781600305245,-0.0284470805685582,0
2022-04-29,38609.82421875,-0.4289685167675614,-0.5049156457979135,-0.9540359262748538,-0.8147142120206213,0.2190973540005307,-0.44018918672299817,-1.121323798560632,-0.9057417928593504,-0.4682550512570591,-1.4372654316773514,0.09229121369367961,-0.5779068495275533,-1.0076603394738424,-1.234023342294052,0.9885835935318059,1.738540120465794,-0.32566855484443785,-0.0429165323043397,1.4445151425201346,-0.8655145221477608,-0.33852653704610597,-0.0665349401539743,0
2022-05-06,36040.921875,-0.822848378779568,-0.8069150738515453,-0.8765720598727391,-0.18252152893636728,0.5281450138562624,-1.041960964177606,-1.32500639304645,-0.7732623567483901,-0.6917968236479769,-1.3641622439535985,-0.2887989623831579,-0.6484340638405789,-0.4884369702368105,-0.4973851037023897,1.213781985338233,1.1657394954595741,1.8070579824037978,-1.922250348199425,-0.8098353796957357,-0.8596454090028341,-0.013950545108037043,-0.1875040372944123,0
2022-05-13,29283.103515625,-2.0738320730073463,-1.799777500595302,-1.4355125866494447,2.522023706582759,2.4858838462144237,-1.1369230531892434,-0.0691249730987012,-0.3032809228579645,-1.3500414245392434,-0.6939679808494197,-1.163782426141134,-0.8236549368092636,-1.9655099980956285,-0.8232444416977734,1.034386556015019,0.930195440448445,-1.7391258658997497,0.9792428244537054,-0.30260637142890023,-1.2763524422926291,-1.0761992459962628,-0.002812655468914,0
2022-05-20,29200.740234375,-0.1638739713951277,-1.4535585062379235,-1.3809792435954835,-0.6105540974305529,-1.9306115567768733,-0.5616452597741803,0.029660998310341732,-0.5587949758575518,-1.2898714622805856,-0.6859310180263598,-1.2810074260671602,-0.9548507957063479,0.9003934753733239,-1.4312274313067683,0.8931603379299637,1.0301231491663632,-1.4045803703275999,1.0581438862814434,0.2019383140023947,-1.376127365756383,-0.2795127203300933,-0.0196284755463244,0
2022-05-27,28627.57421875,-0.3377722414424487,-0.3341139789775832,-1.352345877859382,-0.7113599444773402,-0.39280422603968973,-0.5889501716457156,0.06588090992845046,-0.8123621338704855,-1.2800290740127453,-0.6946152178206111,-1.1912159679274137,-1.0591798322205908,0.17480549727588848,2.006272964756672,0.8511742510692777,0.3681012705739833,-0.5347604866012535,0.3551870045541837,-0.9440228559352363,-1.3467818000317495,0.04506327160797548,0.0376146577429785,1
2022-06-03,29704.390625,0.2541989978591887,-0.0690785650896885,-0.9971869563895877,-0.16023304097462307,0.4466705621954433,-0.4705037550130829,0.41466131557883656,-0.6207975552305184,-1.0860084248278445,-0.6260252407138576,-1.005114647227445,-1.1106080248383696,-0.14344950128750975,-0.39582692809208775,1.0553797131985843,0.20215002479946825,1.6230591562681818,-0.9431329093380185,-0.1979397918805625,-1.2939597817274093,0.10407708832398818,-0.0208920608853594,0
2022-06-10,29083.8046875,-0.3508394188684565,-0.0778461305447785,-0.2716054021031124,-0.5576128529515767,-0.7783296569950039,-0.8797026498762709,-1.1700621404977487,-0.6101682924546356,-1.0586824094373022,-0.8436860337333063,-1.0369136417852267,-1.1515472422125124,0.5062168455254491,-1.8143677133492886,1.2452716073603587,0.7303396826605365,1.4976035984044032,-0.6597977871228086,0.8460380975750729,-1.2939597817274093,-0.028703999287040118,-0.2961208947097115,0
2022-06-17,20471.482421875,-3.1970769409677686,-2.2629464799671974,-1.5257802708628223,4.0143669768557535,2.338661501105308,-2.5695823079473854,1.534856658587924,0.647513442872353,-1.9577995941859427,0.13846142618852075,-1.4001469681864211,-1.3323162764206211,-1.0070258004721526,-1.5833264169302366,1.3244729709366276,1.3334752071480616,0.5274232564839226,-0.4553637267353263,0.9587555980916364,-1.4406876103505766,-0.39754035376211866,0.0371333063458418,1
2022-06-24,21231.65625,0.24922117490071277,-1.9898259720352907,-1.3515204606057494,0.6058312745645354,-1.246236547086551,0.8734539837713422,1.7406939385054372,0.8138933071842674,-1.6830892130689639,0.11885126335305289,-1.653697724025943,-1.4464050089877,-0.4113645264847957,2.059708138523241,1.2156905369027189,0.6375494972464336,-1.1202170979009611,0.32290693427913203,-0.9950137283493341,-1.47003317607521,-0.10247127018205572,-0.0924227973265157,0
2022-07-01,19269.3671875,-1.0905637537546289,-0.5770936084405238,-1.750552861188101,0.2761158579367174,-1.2611656639493782,-1.1652276441686307,1.4310207065680758,0.825244496145957,-1.783669842858164,0.12479898915437283,-2.022822169322154,-1.5575439999409149,-0.5881969928635895,-1.3846047525509195,0.9904919175898474,0.542975186270431,-2.1405816570153937,1.3199607858431628,-0.09058991326588356,-1.3409126868868229,0.2958719926510288,0.1277545845717722,1
2022-07-08,21731.1171875,1.1863674716867982,-0.027107015947682115,-1.327740360886491,0.21942550996023555,0.5480949743581855,1.03059875616156,2.279346874202803,1.0158458485440978,-1.2527979194871914,0.5874830951643618,-1.9530864959666103,-1.582891386744105,-1.863436608803833,1.2903617067486912,1.1927890556611123,0.17538337644196342,1.6063330779186373,-1.0399676475735518,-0.5012042867218055,-1.1707084056839487,0.3991461719040508,-0.0411754745409358,0
2022-07-15,20836.328125,-0.5605972855155487,0.3593704029242854,-0.165873276279079,0.014898514274487734,0.2608908565031903,0.22439437222963235,0.3451516907269376,1.004761978190778,-1.2036700427491782,0.5791231313644617,-1.8869814808604068,-1.6031104242282914,-1.0842801265400281,-0.46780221591913246,1.0296155183634712,0.10222197572947794,-1.5969442296864307,1.456247423139982,-0.05838520562377988,-1.053326142785415,0.26636508429302264,0.0901622579254233,1
2022-07-22,22714.978515625,0.7976120889127097,0.11833730631235397,0.05754918274768838,0.3199237256591661,0.8989754718172198,0.06880614836042974,0.5359633053011891,1.2150023818354057,-0.7089814957591437,0.8039826065440026,-1.582849707087572,-1.5675409697885876,0.4600840242431023,0.9250337171322085,0.8893434623074363,-0.11190882866606107,-1.396217331152833,1.0151074409744623,-0.27040115190219693,-0.7070484672347401,0.841749797274145,0.0479707386086876,1
2022-07-29,23804.6328125,0.36129484800070083,0.7682161249025049,0.7680563493758192,0.13905466950312007,-0.5383982930127109,0.9371547610126213,-0.17154568241314502,1.2342224058715496,-0.3552882818907986,0.8682604454030519,-1.4152801830920116,-1.503330220684398,1.008645654947971,1.222790998598664,0.754796833438415,-0.4152612269998321,-1.3460351080073147,-0.25093513893751695,-0.4045891400262962,-0.5720588649014262,0.3106254468300319,-0.0216478180291191,0
2022-08-05,23289.314453125,-0.358654967516736,-0.01533698630715481,0.0654477071718636,-0.605600511616337,-0.7674898146527416,-0.06199504869585782,-0.4268462413467262,1.2342851090029499,-0.36131104360073524,0.4969306376075568,-1.3909913007208574,-1.4472374237452614,0.29976682263756144,0.4832841104931665,0.9437345655711689,-0.44738093274717966,1.4892405592296332,-0.19354956346843566,0.003340910594089109,-0.43120014942318574,0.325378901009035,0.0478117940522113,1
2022-08-12,24402.818359375,0.3596511468147089,-0.016376856709568326,0.4924594970233968,-0.6766961747275868,-0.2206801097627568,0.46736135250913585,-0.7510854321506146,-0.46177057467065363,-0.0850382721137395,0.5433636048710994,-1.1355558154015721,-1.3678749047993093,0.7200357068526184,0.6905810207884084,0.952322706351688,-0.736457603769176,-0.09148750556331108,-0.1792031696011692,-0.3831186524187615,-0.3901163574086989,0.07457017996598182,-0.1444614131484396,0
2022-08-19,20877.552734375,-1.628713259721709,-0.8769109229668202,-0.5896618274013072,0.8633112791267318,0.44627522880536685,-2.3451208969677633,0.22703605706920643,0.12238580918852895,-0.6273172891431281,0.7697346638335,-0.9482219980196578,-1.357389988097633,-1.6076364450520997,-0.7978648794082934,1.0859151731916892,-0.5455241755511266,1.004150388269393,-0.7494606965721179,0.3388096011928361,-0.1612209447565583,0.5466807136940812,-0.0295788117976216,0
2022-08-26,20260.01953125,-0.4406721447789621,-1.319668690509453,-0.8816557817109973,-0.7382755544805848,0.228460815771339,-1.0215740703771592,-0.016803407394744268,-0.06340998025731233,-0.6090322930942419,0.724692351742059,-0.9824912429466439,-1.3469527231668972,-0.36157971273207334,-1.5464949178166052,1.1298098116168611,0.33955049665457876,0.21796687843608376,0.358774287094728,1.382788002533071,-0.7246558066695202,-1.44503560047134,-0.0143261484238604,0
2022-09-02,19969.771484375,-0.282939024294738,-0.4751804417563759,-0.8543112963053663,-1.1488431648162067,-0.21125133275364855,-0.14973992299762215,-0.004648918342958358,-0.462963012709644,-0.5280508777969152,0.7258470065188755,-0.964554565716714,-1.3305896404703568,-0.8420881089816166,-1.3111236944305675,1.280578332511456,0.32349064378090364,1.1546950636574824,-1.0686604353081002,0.027494697267964073,-0.8126925038434206,-0.2500058119720871,0.0706758642921532,1
2022-09-09,21381.15234375,0.5960964847561834,0.18562896120011832,-0.7739840042955568,-0.07937112076657911,0.36227063455458497,1.5373361911159258,0.1775736667603397,-0.36694383904567135,-0.25666663457164735,-0.45433494408827224,-0.9215173115215514,-1.2781481215786799,0.11193070260170848,1.096246155146338,1.4027199449774315,-0.15473498954516887,0.9037859419783697,-0.534270261152732,-0.6675959587188111,-0.9476821061767344,-0.36803344540411215,-0.0752330058508379,0
2022-09-16,19772.583984375,-0.9127981148304701,-0.250447400074888,-0.4696066544103353,0.3666906341456539,0.6355196735309794,-1.2075066981892917,-0.4285619007726389,-0.4740761190993391,-0.5595513621828067,-0.3666171258710058,-0.983309174602939,-1.2541587914600594,-1.3172076381257405,-1.8494682373863853,1.523907167907942,0.47159791111984584,0.8954209087551555,-0.293971584244498,0.9936441166846829,-0.7363940329593736,0.5024203511570726,-0.0240203967713739,0
2022-09-23,19297.638671875,-0.3831906331536091,-0.8360506702209275,-0.44631764519536304,-0.5107406702245971,-0.37939376981018175,-0.025390264273289793,-0.4388998608307523,-0.6035188346644063,-0.6566261446917467,-0.5174203270617977,-0.2787877554420763,-1.2316677912812848,-0.9780987357645384,-1.545655906601953,1.7615108036238598,1.1175599368385507,1.9157874619180353,-0.34059804838683144,1.023166037145043,-0.9124674273071742,-0.4713076246571341,0.0069516479661584,1
2022-09-30,19431.7890625,-0.06289789840198154,-0.29967408373536436,-0.3580433626139204,-0.5766580601563843,0.41349949266304553,0.05549970713125095,-0.42763553647474806,-0.5786932252878132,-0.5938257184625493,-0.8700915130629211,-0.37026650348512197,-1.199287890280842,0.48067016938961094,-1.0123305918186198,1.8636134209352908,1.4209123351723212,0.7281481609690801,-1.0148621423795376,0.5078861079099808,-0.9476821061767344,-0.11722472436105899,0.0059212533907671,1
2022-10-07,19546.849609375,-0.07355356867567805,-0.098059153819227,-0.6106989170703054,-0.811052620721101,-1.4159592984514728,-0.3128953353340724,-0.9225897676439003,-0.7050970127933845,-0.5498929066586961,-0.896664258843244,-0.08035893179148323,-1.1598840322839665,0.9787624975910804,0.09188322380679738,1.9389976813825882,1.374517242465269,0.4939671116879525,-0.37287538236707496,-0.01812906512884975,-0.8889909747274676,0.11883054250299108,-0.0184783413487646,0
2022-10-14,19185.65625,-0.32587830190472783,-0.2691191674322493,-0.3698241120321244,-0.7055642748927322,-0.23212018350430944,-0.1407790405202388,-1.4157960166970451,-1.3162392116863884,-0.5688049751688604,-1.1273188468202404,-0.5712002750036433,-1.1242765726444441,-1.6256303396511962,-1.0459737991997444,2.060185359325988,1.492289269970834,0.8954248968520437,-0.7171806262970458,0.2287759116272153,-0.9242056535970278,-0.11722472436105899,-0.0006873624664259,0
2022-10-21,19172.46875,-0.1418955739827505,-0.3124950910921146,-0.27023309194216993,-1.1543386671819382,-0.66659761302137,-0.15791894149223298,-1.5123365986367716,-1.3363561145237453,-0.49620894293730705,-1.225262744238126,-0.43557264932657425,-1.085582124600304,0.31970322100102067,1.5734989972451836,2.2538939016038446,1.0765182418734147,1.5310557551034853,-1.7859637109026059,-0.5736651348588413,-0.9065983141622476,0.015556363249969497,0.0742148979901193,1
2022-10-28,20595.3515625,0.6326948685924983,0.3069285542314479,0.014684701037110106,-0.6252044936001291,2.366454427808663,0.37170594782588967,-0.8761669028843493,-1.0968844449682384,-0.14441599195576388,-1.0337227349009934,-0.5355334838007736,-1.0182228839509375,-0.38785519737424723,0.5168501572511901,2.060185359325988,0.37345466831589946,-1.8645774356666398,1.452662876894287,-1.0057489721531014,-0.7833469381187871,0.2811185384720257,0.0267962848109308,1
2022-11-04,21147.23046875,0.14232242395738373,0.5043543411841673,0.10911166986215384,-1.0726249874534723,0.73294970791018,0.45773407682444317,-0.8818171219717039,-1.2732514912714867,0.036180557735288096,-1.0824493980683445,-0.6631214516146784,-0.9453593769719,1.0218820907838146,-1.8779348821077335,2.1995030258465573,0.15932352356828836,1.05433061736646,-0.7745662017661322,-0.2704016637867956,-0.5544515254666462,0.5466807136940819,-0.1944905980042082,0
2022-11-11,17034.29296875,-2.146082538070671,-1.3406575877959426,-0.7237947762517715,2.578673447081943,2.1761655568159104,-1.6347406988468811,0.8301292474936187,-0.28217846557612053,-0.801818519689662,-0.7201168001223014,-1.1041013286757497,-0.955702255134409,2.5351200773185494,2.522547901686642,1.8722015617158099,-0.20291454816619217,-3.0354926523144994,1.4670065344667247,-0.49315234198438224,-0.5603206386115729,-0.0434574534660432,-0.019755185942695,0
2022-11-18,16697.77734375,-0.3390825979177454,-1.5914084072840464,-0.7965264646064988,-0.8047859513601255,-2.392489876216336,-0.07334000437465205,0.8114405038149975,-0.28362246635013627,-0.8199060912814572,-0.7245922452015674,-1.3942789510262892,-0.9609384184239766,-0.6057870260668794,-0.44146505460029367,1.8769728268738022,-0.09584897579238663,-0.12494165631083716,0.7783960466067521,0.21267355780616204,-0.9300747667419544,-0.9581716125642377,-0.0105364650188519,0
2022-11-25,16521.841796875,-0.24374858427312313,-0.3855885165060193,-1.0915200823876285,-0.8237860144636472,-1.0161409178339575,0.14305577984747322,0.40371590838912064,-0.2962854297299748,-0.8036852971487508,-0.7244396545647704,-1.0486582450985187,-0.9591297873057244,0.06793656350927621,0.10652740874440636,1.755785376436847,-0.563368494338773,-1.2289445833667547,1.319960785843168,-0.6514941167823584,-0.9476821061767344,-0.07296436182404936,0.0343072138290423,1
2022-12-02,17088.66015625,0.21999556488569444,-0.027876562430804632,-1.0663273605576815,-0.8964327271070619,-0.6180282676926929,0.4119571387763028,0.44747060591997057,-0.24554150839621094,-0.5996154440634474,-0.8308843613150558,-0.7998817842889505,-0.9380193941608376,1.179807425836551,0.4737779924665892,1.5792526607071393,-0.8203257999654918,-1.7140347543269945,1.6535041821515675,-0.33481159095560353,-0.7540013723941538,0.458159988620063,0.0026036088899414,1
2022-12-09,17133.15234375,-0.10786248948178384,0.06300707534776233,-0.21747094986056295,-1.2836716836559523,-0.8074769532878783,-0.005612768984012844,-1.2511439558230182,-0.2410042650143055,-0.5419427385670209,-0.9133290611104566,-0.7415572303128565,-0.9117337466423437,-0.12502683587559157,-1.19165181511941,1.6374606395933984,-0.14759746624135425,0.343420442251418,-0.12181759413208275,1.0634221776399722,-0.7598704855390804,-0.0434574534660432,-0.0283466789418449,0
2022-12-16,16647.484375,-0.427930228470291,-0.35705711795789885,-0.25531727570140855,-0.41945773229267175,0.15309351713642738,-0.9320692266385051,-1.1890573887837257,-0.2384683151577047,-0.6092376369745675,-0.9100765453486928,-1.247180839623542,-0.8915451812988031,-0.14617199526191293,-0.9426450433464937,1.556351179465533,-0.18507022937854592,-0.8776690213481744,0.43050352013624194,-0.00471001037413867,-0.6835720146550334,0.1630909050400007,0.0089784586447463,1
2022-12-23,16796.953125,-0.04193794110597372,-0.3156362081984263,-0.1708995813908039,-1.2840001048697882,-1.064730323140303,-0.042499140446561834,-1.2040212375720467,-0.44245885414333125,-0.5250031858360797,-0.9083889697780321,-0.944905502080108,-0.8645605550516698,0.07680893753268839,-0.8677765392785708,1.8130391932940855,-0.4973446169301034,2.083058215655667,-1.6245688321169385,-0.41800768289640566,-0.7070484672347401,-0.08771781600305245,-0.0115715740857019,0
2022-12-30,16602.5859375,-0.25445300875000726,-0.2024520935096901,-0.36450205664804564,-1.3274513776358623,-0.7092006726607821,-0.22165254954451333,-1.406437675456368,-0.5119631721139817,-0.5169360355014171,-0.9147539000710403,-0.8915033903684136,-0.8389485627377874,0.6506608412825077,-0.23564440413421273,1.9351808057600612,-0.3545907473330774,0.9037859419783697,-0.7817407668471901,0.26634824117120265,-0.6835720146550334,0.03030981742897221,0.0210438791773306,1
2023-01-06,16951.96875,0.08283478769054826,-0.12270294942691246,-0.28778671641406156,-1.3942725145080386,-0.2587015128300186,0.14552119743387323,-1.2895033424101277,-1.8776510425301314,-0.3877076091440696,-0.8946024627069115,-0.8129759014512878,-0.8045991068165871,1.1415990268679066,0.16920740031488846,1.6393691911578843,-0.450949864575124,-2.759490425014187,2.166378869948279,-0.09327423610142409,-0.7363940329593736,-0.16148508689806823,0.1744697334196066,1
2023-01-13,19909.57421875,1.669465145915276,1.1475556091395411,0.5988609922119713,0.20835214865598461,1.8429452695117128,1.8001698740589993,0.10616126002236617,-0.6870151269205317,0.32720444464704673,-0.2781708467660735,-0.04640274256559462,-0.7153256704338667,1.3970258586493058,1.2429155120998452,1.5840236983586868,-0.9470198166888434,-0.6518530052902618,0.7138386423514519,-0.6944335563436317,-0.7363940329593736,-0.028703999287040118,0.1389772822474111,1
2023-01-20,22676.552734375,1.302425309013412,2.073781678489306,1.2603876612073703,-0.18082815653979986,1.699032148784277,1.3645428375123916,0.20969623883279753,-0.4189256422911307,0.9555282925500719,-0.06193030749981325,0.4877258678503473,-0.5875804974205399,0.08419817356444198,0.06793836805277971,1.5582595035235736,-0.6793560559303656,-0.3925788503879375,-0.0465038148448737,0.4542109126603415,0.1674493913593364,2.2433279442794416,0.017735313914815,1
2023-01-27,23078.728515625,0.04861975845964996,0.8800195912255889,1.4322368453675787,-1.0125728972937622,-0.04545337125130334,0.032948892774522,0.004466990136547554,-0.40508968276539054,1.0036158863754983,-0.06515480016289206,0.5420695051603217,-0.4750956843434299,-0.08452838839311697,1.3258129155993528,1.5907032875747202,-0.9184690427694376,0.11760243214506465,0.3336687819007034,-0.30797399333078296,0.3200463331274307,0.3548858093670422,0.0160578062066589,1
